Date,Price,Open,High,Low,Vol.,Change %
30-06-2024,90.481,89.309,90.554,89.235,,1.32%
23-06-2024,89.298,89.346,89.659,89.112,,-0.06%
16-06-2024,89.352,89.3723,89.747,89.186,,-0.05%
09-06-2024,89.395,90.183,90.5815,89.114,,-0.90%
02-06-2024,90.203,90.553,91.0595,89.9995,,-0.26%
26-05-2024,90.44,90.1545,90.7435,89.9705,,0.40%
19-05-2024,90.079,90.5215,90.655,89.827,,-0.49%
12-05-2024,90.525,90.008,90.895,89.915,,0.62%
05-05-2024,89.965,89.735,90.1305,89.536,,0.30%
28-04-2024,89.696,89.202,90.1165,88.9135,,0.59%
21-04-2024,89.169,88.856,89.607,88.573,,0.40%
14-04-2024,88.81,88.888,89.3505,88.5135,,-0.10%
07-04-2024,88.903,90.3445,90.5645,88.763,,-1.49%
31-03-2024,90.248,89.934,90.7195,89.381,,0.34%
24-03-2024,89.943,90.341,90.506,89.76,,-0.41%
17-03-2024,90.31,90.29,90.9615,89.9555,,0.08%
10-03-2024,90.235,90.555,90.8285,90.1275,,-0.27%
03-03-2024,90.482,89.826,90.7925,89.7925,,0.79%
25-02-2024,89.775,89.733,90.077,89.4765,,0.15%
18-02-2024,89.637,89.4645,90.2565,89.3135,,0.22%
11-02-2024,89.438,89.488,89.6905,88.803,,-0.06%
04-02-2024,89.491,89.512,89.6275,89.0495,,-0.02%
28-01-2024,89.506,90.1645,90.4035,89.4405,,-0.77%
21-01-2024,90.196,90.507,90.832,89.897,,-0.38%
14-01-2024,90.539,90.771,90.885,90.1935,,-0.20%
07-01-2024,90.72,90.9965,91.2805,90.6595,,-0.22%
31-12-2023,90.923,91.872,92.011,90.498,,-0.96%
24-12-2023,91.808,91.652,92.665,91.4565,,0.26%
17-12-2023,91.566,90.522,91.792,90.419,,1.24%
10-12-2023,90.442,89.787,91.6865,89.5565,,0.74%
03-12-2023,89.774,90.651,90.7275,89.483,,-0.92%
26-11-2023,90.604,91.1545,91.8295,90.2135,,-0.62%
19-11-2023,91.166,90.85,91.408,90.422,,0.41%
12-11-2023,90.794,89.013,90.883,88.793,,2.04%
05-11-2023,88.982,89.2115,89.522,88.7485,,-0.25%
29-10-2023,89.201,87.9855,89.373,87.5655,,1.41%
22-10-2023,87.961,88.0995,88.78,87.5915,,-0.14%
15-10-2023,88.081,87.5045,88.2355,87.5045,,0.67%
08-10-2023,87.493,87.805,88.5125,87.371,,-0.56%
01-10-2023,87.989,87.751,88.1395,86.9105,,0.26%
24-09-2023,87.763,88.41,88.5575,87.248,,-0.70%
17-09-2023,88.38,88.5945,89.1925,87.9755,,-0.18%
10-09-2023,88.536,88.972,89.3005,88.2775,,-0.30%
03-09-2023,88.806,89.1265,89.419,88.725,,-0.31%
27-08-2023,89.081,89.286,90.431,89.073,,-0.19%
20-08-2023,89.248,90.4695,90.808,89.0025,,-1.22%
13-08-2023,90.348,90.7975,91.247,90.112,,-0.38%
06-08-2023,90.693,91.114,91.481,90.602,,-0.36%
30-07-2023,91.017,90.6675,91.3165,90.154,,0.49%
23-07-2023,90.571,91.2305,91.368,90.066,,-0.66%
16-07-2023,91.17,92.2135,92.4915,91.1135,,-1.03%
09-07-2023,92.116,90.637,92.4015,90.402,,1.68%
02-07-2023,90.598,89.571,90.6755,89.033,,1.16%
25-06-2023,89.561,89.335,89.9895,88.8915,,0.33%
18-06-2023,89.268,89.6315,90.2735,88.9555,,-0.35%
11-06-2023,89.585,88.6365,89.8645,88.484,,1.11%
04-06-2023,88.598,88.2775,89.016,88.054,,0.43%
28-05-2023,88.215,88.57,88.848,87.9315,,-0.38%
21-05-2023,88.548,89.6535,89.7905,88.3965,,-1.09%
14-05-2023,89.525,89.237,89.782,89.008,,0.43%
07-05-2023,89.141,90.1725,90.412,89.167,,-0.97%
30-04-2023,90.017,90.21,90.682,89.5415,,-0.04%
23-04-2023,90.055,90.187,90.716,89.657,,-0.08%
16-04-2023,90.126,89.948,90.234,89.4645,,0.15%
09-04-2023,89.994,89.2625,90.504,88.8455,,0.89%
02-04-2023,89.203,89.1465,90.115,88.7435,,0.17%
26-03-2023,89.053,88.6505,89.7,88.5175,,0.53%
19-03-2023,88.583,88.293,90.2165,87.835,,0.64%
12-03-2023,88.016,87.264,88.6405,87.125,,0.90%
05-03-2023,87.23,86.768,87.629,86.2225,,0.45%
26-02-2023,86.842,87.416,88.1515,86.6145,,-0.66%
19-02-2023,87.423,88.4595,88.561,87.3005,,-1.21%
12-02-2023,88.493,88.123,89.462,87.8925,,0.45%
05-02-2023,88.096,88.73,89.2345,87.9825,,-0.71%
29-01-2023,88.725,88.6435,90.471,88.361,,0.17%
22-01-2023,88.577,87.9485,89.1675,87.9405,,0.77%
15-01-2023,87.898,88.064,88.714,87.6445,,-0.13%
08-01-2023,88.01,87.516,88.413,87.434,,0.50%
01-01-2023,87.568,88.553,88.603,86.711,,-1.08%
25-12-2022,88.524,87.8485,88.6525,87.772,,0.75%
18-12-2022,87.863,87.623,88.209,87.4295,,0.39%
11-12-2022,87.519,86.772,88.861,86.5935,,0.85%
04-12-2022,86.778,85.644,87.1195,85.644,,1.15%
27-11-2022,85.79,84.834,85.8595,83.7705,,1.03%
20-11-2022,84.912,84.241,85.3725,83.53,,0.77%
13-11-2022,84.261,83.455,84.9245,83.0165,,1.14%
06-11-2022,83.31,81.248,83.4425,81.154,,2.05%
30-10-2022,81.634,81.8325,82.545,80.3375,,-0.39%
23-10-2022,81.957,81.444,82.99,81.089,,0.72%
16-10-2022,81.374,80.11,81.549,80.028,,1.68%
09-10-2022,80.026,80.6495,80.7945,79.149,,-0.80%
02-10-2022,80.675,79.8915,81.447,79.761,,1.01%
25-09-2022,79.871,78.6955,80.392,77.737,,1.45%
18-09-2022,78.731,79.7945,80.1235,78.4055,,-1.35%
11-09-2022,79.806,80.292,81.141,79.183,,-0.18%
04-09-2022,79.946,79.323,80.4575,78.754,,0.78%
28-08-2022,79.326,79.839,80.1395,78.982,,-0.41%
21-08-2022,79.649,80.253,80.4825,79.078,,-0.68%
14-08-2022,80.192,81.724,81.776,80.163,,-1.84%
07-08-2022,81.696,80.782,82.404,80.623,,1.11%
31-07-2022,80.796,81.081,81.372,79.8125,,-0.33%
24-07-2022,81.066,81.5375,81.841,80.516,,-0.54%
17-07-2022,81.506,80.463,82.1525,80.407,,1.31%
10-07-2022,80.454,80.6655,80.7525,79.51,,-0.32%
03-07-2022,80.71,82.304,82.6155,79.8655,,-1.94%
26-06-2022,82.306,82.598,83.591,81.8465,,-0.31%
19-06-2022,82.564,81.631,82.9815,81.631,,0.91%
12-06-2022,81.816,82.1565,82.6145,80.9025,,-0.39%
05-06-2022,82.139,83.2185,83.7365,82.0325,,-1.24%
29-05-2022,83.171,83.341,83.661,82.4365,,-0.08%
22-05-2022,83.237,82.3185,83.562,82.175,,1.25%
15-05-2022,82.21,80.618,82.2875,80.51,,1.93%
08-05-2022,80.654,81.204,81.9375,80.0995,,-0.67%
01-05-2022,81.197,80.7445,81.6175,80.1765,,0.67%
24-04-2022,80.66,82.9105,82.918,80.2625,,-2.27%
17-04-2022,82.531,82.4765,83.275,82.0965,,0.09%
10-04-2022,82.456,83.062,83.1875,81.999,,-0.16%
03-04-2022,82.59,83.891,84.0165,82.1455,,-1.65%
27-03-2022,83.973,83.8295,84.817,83.3085,,0.25%
20-03-2022,83.763,84.1275,84.2935,83.6395,,-0.32%
13-03-2022,84.028,83.7255,84.624,83.428,,0.71%
06-03-2022,83.435,83.7085,84.8925,82.6995,,-0.06%
27-02-2022,83.486,83.9265,84.9375,83.1305,,-1.28%
20-02-2022,84.57,84.5085,84.9625,84.03,,0.04%
13-02-2022,84.534,85.4745,85.8975,84.4695,,-1.11%
06-02-2022,85.479,85.607,86.337,85.168,,0.05%
30-01-2022,85.433,83.6505,85.788,83.27,,2.18%
23-01-2022,83.611,84.4025,84.689,83.3875,,-0.88%
16-01-2022,84.35,84.6415,85.027,84.08,,-0.34%
09-01-2022,84.636,84.327,85.1425,83.616,,0.32%
02-01-2022,84.364,84.657,84.7725,83.834,,-0.34%
26-12-2021,84.654,84.889,85.1325,83.793,,-0.23%
19-12-2021,84.849,85.454,85.758,84.7765,,-0.64%
12-12-2021,85.393,85.6855,86.561,85.2675,,-0.26%
05-12-2021,85.615,85.1805,85.73,84.701,,0.60%
28-11-2021,85.101,84.8425,85.5245,84.339,,0.21%
21-11-2021,84.923,83.956,85.0595,83.303,,1.21%
14-11-2021,83.907,85.1425,85.3175,83.531,,-1.43%
07-11-2021,85.122,85.728,86.1865,84.9555,,-0.78%
31-10-2021,85.79,86.6175,86.9135,85.4555,,-0.95%
24-10-2021,86.61,87.325,87.562,86.515,,-0.84%
17-10-2021,87.346,87.024,87.635,86.892,,0.40%
10-10-2021,87,86.987,87.5125,86.831,,0.14%
03-10-2021,86.882,85.9585,86.985,85.9385,,1.09%
26-09-2021,85.947,86.547,86.8175,85.7555,,-0.60%
19-09-2021,86.465,86.459,86.795,86.194,,0.14%
12-09-2021,86.343,86.858,87.149,86.338,,-0.59%
05-09-2021,86.853,86.7135,87.3715,86.6245,,0.16%
29-08-2021,86.717,86.649,86.98,86.013,,0.09%
22-08-2021,86.643,86.9475,87.43,86.4435,,-0.36%
15-08-2021,86.956,87.561,87.6165,86.734,,-0.66%
08-08-2021,87.535,87.3235,87.6465,86.971,,0.26%
01-08-2021,87.306,88.2015,88.4535,87.2045,,-1.06%
25-07-2021,88.238,87.66,88.6405,87.5615,,0.73%
18-07-2021,87.598,88.0995,88.562,87.488,,-0.54%
11-07-2021,88.072,88.431,88.6045,87.796,,-0.41%
04-07-2021,88.436,88.393,88.775,88.0545,,0.04%
27-06-2021,88.401,88.5815,88.714,88.017,,-0.17%
20-06-2021,88.555,87.9655,88.862,87.847,,0.76%
13-06-2021,87.883,88.6995,89.0535,87.809,,-0.88%
06-06-2021,88.664,88.668,89.1295,88.432,,0.03%
30-05-2021,88.634,88.2825,89.5805,88.221,,0.42%
23-05-2021,88.263,88.79,89.2795,87.9905,,-0.47%
16-05-2021,88.684,88.986,89.6195,88.562,,-0.33%
09-05-2021,88.974,89.084,89.456,88.6095,,-0.14%
02-05-2021,89.096,89.144,89.3545,88.508,,0.12%
25-04-2021,88.993,90.6165,90.7965,88.9675,,-1.82%
18-04-2021,90.646,89.329,90.9295,89.0155,,1.50%
11-04-2021,89.309,88.867,90.216,88.818,,0.43%
04-04-2021,88.927,86.308,89.1485,86.0265,,3.05%
28-03-2021,86.298,85.6495,86.4655,85.3665,,0.79%
21-03-2021,85.622,86.164,86.461,85.2475,,-0.65%
14-03-2021,86.179,86.8795,87.0015,86.0965,,-0.79%
07-03-2021,86.867,87.2575,87.3375,86.474,,-0.39%
28-02-2021,87.209,89.3085,89.479,86.9305,,-2.29%
21-02-2021,89.251,87.933,89.782,87.5645,,1.53%
14-02-2021,87.909,88.007,88.5015,87.517,,-0.05%
07-02-2021,87.952,87.6835,88.476,87.5865,,0.31%
31-01-2021,87.678,88.5085,88.7335,87.1525,,-0.87%
24-01-2021,88.444,88.808,88.91,88.0955,,-0.40%
17-01-2021,88.795,88.3775,89.004,88.133,,0.54%
10-01-2021,88.314,89.5995,89.673,88.297,,-1.43%
03-01-2021,89.595,89.439,90.3245,89.242,,0.96%
27-12-2020,88.746,89.7555,90.2555,88.7665,,-1.14%
20-12-2020,89.768,90.181,90.7105,89.483,,-0.43%
13-12-2020,90.16,89.4515,90.2565,89.184,,0.96%
06-12-2020,89.302,89.507,89.85,88.888,,-0.10%
29-11-2020,89.394,88.426,89.848,87.8095,,1.08%
22-11-2020,88.439,87.8545,88.56,87.5315,,0.68%
15-11-2020,87.843,88.236,88.5915,87.695,,-0.43%
08-11-2020,88.221,87.8725,88.307,87.3775,,0.45%
01-11-2020,87.822,86.9005,88.123,86.4035,,1.14%
25-10-2020,86.833,87.5765,87.584,86.651,,-0.82%
18-10-2020,87.554,86.0875,87.656,85.8605,,1.75%
11-10-2020,86.045,86.2965,86.723,85.765,,-0.33%
04-10-2020,86.327,85.872,86.7135,85.722,,0.55%
27-09-2020,85.852,85.71,86.712,85.519,,0.20%
20-09-2020,85.678,87.124,87.3045,85.5605,,-1.57%
13-09-2020,87.047,87.0705,87.636,86.316,,0.08%
06-09-2020,86.978,86.729,87.425,86.413,,0.26%
30-08-2020,86.752,87.014,87.897,86.27,,-0.32%
23-08-2020,87.028,88.352,88.4645,86.875,,-1.52%
16-08-2020,88.368,88.689,89.4625,88.091,,-0.33%
09-08-2020,88.658,88.477,88.7845,87.3875,,0.28%
02-08-2020,88.409,88.276,89.183,87.9575,,0.20%
26-07-2020,88.229,87.088,89.144,86.998,,1.28%
19-07-2020,87.114,85.545,87.19,85.2205,,1.81%
12-07-2020,85.562,84.9475,86.1675,84.9475,,0.72%
05-07-2020,84.95,83.895,85.2805,83.8875,,1.19%
28-06-2020,83.948,84.895,85.274,83.7725,,-1.02%
21-06-2020,84.812,85.2965,85.737,84.5725,,-0.47%
14-06-2020,85.209,85.522,86.4535,85.107,,-0.41%
07-06-2020,85.562,85.2995,86.6,84.971,,0.35%
31-05-2020,85.26,83.8955,85.913,83.767,,1.63%
24-05-2020,83.89,82.8045,84.2145,82.5755,,1.36%
17-05-2020,82.767,82.0175,83.1495,81.942,,0.94%
10-05-2020,81.996,81.899,82.2965,81.375,,0.17%
03-05-2020,81.853,83.17,83.177,81.602,,-1.57%
26-04-2020,83.162,82.4365,83.4855,81.3415,,0.79%
19-04-2020,82.513,83.2445,83.7175,81.6225,,-0.84%
12-04-2020,83.214,83.0195,83.8265,82.5575,,0.31%
05-04-2020,82.955,82.4425,83.5675,81.92,,0.68%
29-03-2020,82.396,84.0495,84.1135,81.929,,-1.99%
22-03-2020,84.072,80.646,84.1325,80.198,,4.27%
15-03-2020,80.626,81.852,83.478,79.666,,-1.67%
08-03-2020,81.998,83.5655,85.18,81.6375,,-1.81%
01-03-2020,83.51,79.815,84.0385,79.6235,,4.43%
23-02-2020,79.969,77.925,80.1305,77.6035,,2.62%
16-02-2020,77.929,77.48,78.1205,77.1345,,0.60%
09-02-2020,77.464,78.316,78.3445,77.215,,-0.99%
02-02-2020,78.242,79.341,79.421,78.094,,-1.41%
26-01-2020,79.359,78.613,79.4045,78.299,,0.95%
19-01-2020,78.616,78.8405,79.1945,78.5805,,-0.24%
12-01-2020,78.809,78.943,79.2475,78.6405,,-0.11%
05-01-2020,78.896,80.1525,80.688,78.5445,,-1.49%
29-12-2019,80.091,79.8115,80.2395,79.648,,0.32%
22-12-2019,79.834,78.7415,80.0035,78.681,,1.43%
15-12-2019,78.709,78.7415,79.3035,78.6695,,-0.01%
08-12-2019,78.717,78.8,79.259,78.36,,-0.11%
01-12-2019,78.801,79.0245,79.6015,78.674,,-0.29%
24-11-2019,79.028,79.13,79.1665,78.33,,-0.12%
17-11-2019,79.123,79.1875,79.7735,79.0365,,-0.05%
10-11-2019,79.162,78.653,79.502,78.5815,,0.70%
03-11-2019,78.613,78.986,79.064,78.279,,-0.49%
27-10-2019,79.001,78.4825,79.364,78.389,,0.71%
20-10-2019,78.443,79.2155,79.3865,78.382,,-1.19%
13-10-2019,79.389,78.3285,79.429,78.0215,,1.41%
06-10-2019,78.288,77.7375,78.587,77.706,,0.72%
29-09-2019,77.732,77.1365,78.209,76.912,,0.81%
22-09-2019,77.105,78.296,78.3675,76.8945,,-1.51%
15-09-2019,78.287,78.751,79.3675,78.104,,-0.38%
08-09-2019,78.585,78.9815,79.5085,77.743,,-0.51%
01-09-2019,78.986,78.516,79.642,78.48,,0.60%
25-08-2019,78.518,79.7045,80.584,78.33,,-1.45%
18-08-2019,79.671,78.925,79.889,78.793,,0.98%
11-08-2019,78.898,79.599,80.2615,78.7,,-0.63%
04-08-2019,79.401,77.388,80.041,77.388,,2.58%
28-07-2019,77.405,76.6395,77.451,75.9895,,1.03%
21-07-2019,76.618,77.247,77.491,76.481,,-0.82%
14-07-2019,77.25,77.26,77.686,76.9135,,0.00%
07-07-2019,77.249,76.8215,77.3435,76.73,,0.57%
30-06-2019,76.81,78.3995,78.4375,76.7425,,-1.99%
23-06-2019,78.371,79.0895,79.2705,78.234,,-0.95%
16-06-2019,79.119,78.325,79.186,77.779,,1.12%
09-06-2019,78.24,78.5375,78.8015,78.224,,-0.42%
02-06-2019,78.569,77.707,78.869,77.3595,,1.01%
26-05-2019,77.786,77.667,78.1215,77.565,,0.10%
19-05-2019,77.708,78.4185,78.496,77.3485,,-0.91%
12-05-2019,78.423,78.704,79.5055,78.288,,-0.26%
05-05-2019,78.63,77.411,79.079,77.107,,1.63%
28-04-2019,77.368,77.9005,78.353,77.1125,,-0.63%
21-04-2019,77.858,78.045,78.6025,77.8025,,-0.24%
14-04-2019,78.049,78.185,78.7845,77.899,,-0.16%
07-04-2019,78.173,77.595,78.567,77.5565,,0.80%
31-03-2019,77.556,77.6115,77.999,76.779,,-0.06%
24-03-2019,77.599,78.273,78.304,77.473,,-0.82%
17-03-2019,78.241,78.087,78.761,77.5475,,0.18%
10-03-2019,78.097,78.682,78.9975,78.007,,-0.72%
03-03-2019,78.66,80.7905,80.9115,78.219,,-2.58%
24-02-2019,80.744,80.5355,81.3325,80.291,,0.25%
17-02-2019,80.544,80.5065,81.028,80.434,,0.00%
10-02-2019,80.542,80.6235,80.7095,79.626,,-0.08%
03-02-2019,80.61,81.8285,82.284,80.4245,,-1.46%
27-01-2019,81.804,80.872,82.0715,80.8185,,1.18%
20-01-2019,80.85,80.9585,81.3705,80.1895,,-0.05%
13-01-2019,80.89,80.7435,81.6115,80.5255,,0.23%
06-01-2019,80.707,79.2315,81.622,79.126,,1.87%
30-12-2018,79.227,80.024,80.346,79.1595,,-0.96%
23-12-2018,79.998,79.7815,80.605,79.4735,,0.31%
16-12-2018,79.752,81.3235,81.374,79.514,,-1.92%
09-12-2018,81.316,80.7945,82.9185,80.6385,,0.89%
02-12-2018,80.599,78.802,80.954,78.802,,2.29%
25-11-2018,78.798,80.137,80.631,78.729,,-1.65%
18-11-2018,80.117,82.1075,82.2285,80.0205,,-2.51%
11-11-2018,82.181,82.127,82.561,81.2465,,0.05%
04-11-2018,82.143,82.52,83.709,82.015,,-0.39%
28-10-2018,82.467,83.796,84.078,82.3755,,-1.56%
21-10-2018,83.775,84.4325,84.6785,83.1375,,-0.82%
14-10-2018,84.471,85.086,85.846,83.9705,,-0.73%
07-10-2018,85.096,84.9835,86.182,84.8475,,0.11%
30-09-2018,84.999,84.166,85.3505,83.9,,1.00%
23-09-2018,84.158,84.882,85.902,83.869,,-0.83%
16-09-2018,84.863,83.561,85.573,83.5135,,1.55%
09-09-2018,83.57,82.9785,84.497,82.885,,0.79%
02-09-2018,82.913,82.3375,83.873,82.04,,0.66%
26-08-2018,82.367,81.3785,82.939,81.053,,1.32%
19-08-2018,81.294,80.2085,81.4485,79.414,,1.42%
12-08-2018,80.155,78.4555,80.24,78.3005,,1.98%
05-08-2018,78.598,79.3275,79.8225,78.435,,-0.86%
29-07-2018,79.28,79.9865,80.536,79.2515,,-0.86%
22-07-2018,79.967,80.6115,80.7925,79.777,,-0.71%
15-07-2018,80.538,79.9875,80.709,79.598,,0.63%
08-07-2018,80.031,80.8215,81.009,79.5475,,-0.96%
01-07-2018,80.806,79.759,81.05,79.629,,1.05%
24-06-2018,79.97,79.113,80.2055,79.0345,,1.11%
17-06-2018,79.091,79.0105,79.2435,78.367,,0.13%
10-06-2018,78.991,79.4495,80.176,78.2125,,-0.57%
03-06-2018,79.444,78.086,79.761,78.066,,1.71%
27-05-2018,78.11,78.9305,79.3505,77.8335,,-0.99%
20-05-2018,78.894,79.9735,80.487,78.868,,-1.45%
13-05-2018,80.052,80.516,81.114,79.7465,,-0.48%
06-05-2018,80.435,79.87,80.5695,79.477,,0.68%
29-04-2018,79.891,80.7765,80.87,79.61,,-1.11%
22-04-2018,80.785,81.3655,81.6675,80.395,,-0.67%
15-04-2018,81.333,80.4565,81.561,80.4235,,1.10%
08-04-2018,80.447,79.7275,80.9605,79.5825,,0.90%
01-04-2018,79.728,80.241,80.388,79.328,,-0.62%
25-03-2018,80.222,80.2465,80.9395,79.999,,-0.04%
18-03-2018,80.257,79.8335,80.628,79.704,,0.51%
11-03-2018,79.847,80.1725,80.707,79.6165,,-0.35%
04-03-2018,80.13,80.377,81.071,79.856,,-0.24%
25-02-2018,80.319,79.5805,80.474,79.217,,0.98%
18-02-2018,79.536,79.731,80.304,79.468,,-0.14%
11-02-2018,79.646,78.8545,80.3925,78.698,,1.15%
04-02-2018,78.744,79.8865,80.059,78.471,,-1.44%
28-01-2018,79.894,79.011,80.2185,78.4325,,1.18%
21-01-2018,78.96,78.2975,79.698,78.005,,1.25%
14-01-2018,77.988,77.5855,78.895,77.2915,,0.63%
07-01-2018,77.497,76.1915,77.5465,75.8625,,1.74%
31-12-2017,76.173,76.6205,76.7455,76.149,,-0.52%
24-12-2017,76.57,75.851,76.7965,75.8155,,0.89%
17-12-2017,75.897,75.326,76.3125,75.214,,0.80%
10-12-2017,75.295,75.8865,76.3655,75.2705,,-0.72%
03-12-2017,75.843,76.6565,76.714,75.6035,,-1.11%
26-11-2017,76.696,77.1765,77.3265,76.001,,-0.59%
19-11-2017,77.151,76.659,77.2605,75.978,,0.63%
12-11-2017,76.666,76.0275,77.3875,75.8875,,0.85%
05-11-2017,76.019,74.9545,76.1355,74.8585,,1.46%
29-10-2017,74.923,75.466,75.62,74.888,,-0.76%
22-10-2017,75.493,76.5715,76.8325,75.2775,,-1.49%
15-10-2017,76.638,76.5075,77.0865,76.1775,,0.20%
08-10-2017,76.482,76.7075,77.4035,76.414,,-0.31%
01-10-2017,76.722,77.18,77.18,76.21,,-0.54%
24-09-2017,77.138,77.4495,77.5435,76.9155,,-0.34%
17-09-2017,77.398,76.605,77.9025,76.2615,,1.11%
10-09-2017,76.548,76.8005,76.8425,75.905,,-0.26%
03-09-2017,76.746,75.9275,77.3945,75.8925,,1.10%
27-08-2017,75.909,76.3295,77.2635,75.5875,,-0.52%
20-08-2017,76.307,75.3435,76.435,75.1255,,1.24%
13-08-2017,75.37,75.73,75.9125,74.835,,-0.58%
06-08-2017,75.808,74.8975,75.9865,74.6155,,1.25%
30-07-2017,74.872,75.255,76.0545,74.643,,-0.61%
23-07-2017,75.329,75.073,75.622,74.7025,,0.34%
16-07-2017,75.074,73.855,75.2245,73.6095,,1.70%
09-07-2017,73.82,73.624,74.1545,73.285,,0.24%
02-07-2017,73.644,73.799,73.968,73.305,,-0.22%
25-06-2017,73.81,72.255,74.088,71.9915,,2.28%
18-06-2017,72.166,72.1895,72.3435,71.756,,0.00%
11-06-2017,72.165,71.9225,72.563,71.87,,0.37%
04-06-2017,71.897,72.6535,72.707,71.736,,-1.03%
28-05-2017,72.643,72.119,72.702,71.778,,0.71%
21-05-2017,72.129,72.3255,73.063,71.979,,-0.28%
14-05-2017,72.333,70.1955,72.4015,69.954,,3.04%
07-05-2017,70.199,70.7455,70.9125,69.787,,-0.71%
30-04-2017,70.698,70.121,70.768,69.8175,,0.97%
23-04-2017,70.022,70.6135,70.7045,69.571,,1.01%
16-04-2017,69.322,68.4425,69.6475,68.263,,1.37%
09-04-2017,68.386,68.078,69.076,67.93,,0.50%
02-04-2017,68.045,69.144,69.5875,68.0275,,-1.49%
26-03-2017,69.072,70.636,70.9925,69.0795,,-2.17%
19-03-2017,70.606,70.31,70.8835,70.0395,,0.48%
12-03-2017,70.267,71.0375,71.3135,69.438,,-1.07%
05-03-2017,71.0275,70.8945,71.2265,70.3045,,0.12%
26-02-2017,70.9405,70.4025,70.9605,70.0965,,0.77%
19-02-2017,70.3975,71.2235,71.3515,70.3105,,-1.13%
12-02-2017,71.1985,71.0775,71.7135,70.4405,,0.08%
05-02-2017,71.139,72.478,72.612,70.991,,-1.81%
29-01-2017,72.451,72.819,73.143,72.105,,-0.57%
22-01-2017,72.8655,72.7875,73.4085,72.6795,,0.01%
15-01-2017,72.861,72.41,72.956,72.097,,0.40%
08-01-2017,72.571,71.844,72.765,71.562,,1.15%
01-01-2017,71.7455,71.5855,72.2415,70.7655,,0.40%
25-12-2016,71.461,70.921,72.384,70.688,,0.74%
18-12-2016,70.9335,70.8715,71.3305,70.4115,,0.03%
11-12-2016,70.9155,71.2105,72.0475,70.3915,,-0.49%
04-12-2016,71.262,72.638,73.457,71.119,,-1.85%
27-11-2016,72.6055,72.6115,73.3605,72.3635,,0.09%
20-11-2016,72.5405,72.1625,73.0125,72.1275,,0.47%
13-11-2016,72.2,73.281,73.294,71.924,,-1.57%
06-11-2016,73.3485,74.4375,75.6785,72.4895,,-1.44%
30-10-2016,74.4165,73.3655,74.4435,73.0105,,1.43%
23-10-2016,73.369,72.837,73.451,72.521,,0.72%
16-10-2016,72.8415,73.2155,73.7585,72.6905,,-0.48%
09-10-2016,73.1955,74.5735,74.6135,73.1175,,-1.88%
02-10-2016,74.6005,74.7755,74.8565,74.0485,,-0.29%
25-09-2016,74.8155,74.8855,75.1525,74.3105,,-0.09%
18-09-2016,74.885,74.883,75.141,74.537,,0.06%
11-09-2016,74.839,75.123,75.514,74.796,,-0.40%
04-09-2016,75.1395,74.4745,75.2995,74.0235,,0.84%
28-08-2016,74.5165,75.1875,75.3835,74.3025,,-0.88%
21-08-2016,75.1795,75.8675,76.2765,75.0315,,-1.13%
14-08-2016,76.0395,74.5945,76.1105,74.5945,,1.83%
07-08-2016,74.6755,74.1135,74.9715,73.9495,,0.78%
31-07-2016,74.0975,74.4605,75.1225,73.8135,,-0.51%
24-07-2016,74.4805,73.6755,74.7465,73.5335,,1.05%
17-07-2016,73.705,74.116,74.488,73.534,,-0.53%
10-07-2016,74.0965,74.2025,74.7825,73.9695,,-0.17%
03-07-2016,74.219,74.866,75.407,74.042,,-0.81%
26-06-2016,74.8225,75.1435,75.4235,74.4395,,-0.85%
19-06-2016,75.4675,75.6775,76.9425,73.9715,,-0.23%
12-06-2016,75.639,75.348,75.979,74.913,,0.41%
05-06-2016,75.328,76.065,76.199,75.265,,-1.09%
29-05-2016,76.1585,74.5045,76.2255,74.4045,,2.22%
22-05-2016,74.505,75.605,76.019,74.334,,-1.53%
15-05-2016,75.659,75.607,75.839,75.234,,0.09%
08-05-2016,75.593,75.929,76.201,75.433,,-0.48%
01-05-2016,75.9575,76.0355,77.0325,75.7475,,-0.18%
24-04-2016,76.0965,74.8595,76.1355,74.7595,,1.62%
17-04-2016,74.8825,75.3055,75.5355,74.6625,,-0.44%
10-04-2016,75.213,75.919,76.238,74.852,,-0.88%
03-04-2016,75.878,75.614,76.136,75.109,,0.40%
27-03-2016,75.577,74.595,75.917,74.266,,1.28%
20-03-2016,74.6215,74.8215,75.0955,74.5185,,-0.26%
13-03-2016,74.8145,74.6875,75.6645,74.3495,,0.26%
06-03-2016,74.6235,73.7415,75.5485,72.4245,,1.31%
28-02-2016,73.658,75.15,75.251,73.008,,-2.00%
21-02-2016,75.1575,76.3995,76.4615,75.0565,,-1.53%
14-02-2016,76.3215,76.6565,76.7595,75.8485,,-0.50%
07-02-2016,76.7045,75.6655,77.8695,75.4215,,1.37%
31-01-2016,75.6685,73.5385,76.0385,73.3555,,2.87%
24-01-2016,73.5555,72.9815,74.6665,72.8885,,0.85%
17-01-2016,72.9325,74.0215,74.7665,72.8845,,-1.43%
10-01-2016,73.9895,73.0545,74.4925,72.2025,,1.25%
03-01-2016,73.074,71.922,73.224,71.269,,1.59%
27-12-2015,71.931,72.318,72.999,71.804,,-0.75%
20-12-2015,72.4765,72.0495,72.7675,71.7815,,0.65%
13-12-2015,72.006,73.769,74.176,71.652,,-2.42%
06-12-2015,73.793,72.559,73.984,72.008,,1.71%
29-11-2015,72.5505,70.7635,73.3315,70.1455,,2.36%
22-11-2015,70.875,70.339,71.065,70.09,,0.78%
15-11-2015,70.3255,71.0695,71.2395,70.1375,,-1.24%
08-11-2015,71.208,70.984,71.686,70.66,,0.24%
01-11-2015,71.041,72.138,72.53,70.573,,-1.33%
25-10-2015,72.001,71.43,72.443,70.78,,0.71%
18-10-2015,71.4955,73.4545,74.1875,71.3585,,-2.62%
11-10-2015,73.4155,73.5545,74.5365,73.4025,,-0.22%
04-10-2015,73.577,73.365,73.791,72.732,,0.42%
27-09-2015,73.2705,74.0535,74.8135,72.9635,,-1.08%
20-09-2015,74.0735,74.3355,74.9505,73.1555,,-0.53%
13-09-2015,74.4675,75.0875,75.6835,74.1285,,-0.86%
06-09-2015,75.114,74.405,75.354,73.857,,1.05%
30-08-2015,74.334,73.917,75.242,73.274,,0.52%
23-08-2015,73.9525,75.0245,78.2335,73.7735,,-1.67%
16-08-2015,75.209,72.342,75.236,71.851,,3.97%
09-08-2015,72.335,69.887,72.882,69.781,,3.47%
02-08-2015,69.9125,70.2045,70.3915,69.1265,,-0.57%
26-07-2015,70.31,70.337,71.462,69.824,,-0.15%
19-07-2015,70.414,68.771,70.446,68.714,,2.42%
12-07-2015,68.752,70.331,71.008,68.734,,-2.80%
05-07-2015,70.736,69.768,71.102,69.352,,0.37%
28-06-2015,70.4755,70.0815,71.8555,69.5805,,-0.53%
21-06-2015,70.851,72.189,72.455,70.724,,-1.72%
14-06-2015,72.092,71.958,72.868,71.746,,-0.20%
07-06-2015,72.237,70.871,72.662,70.667,,1.93%
31-05-2015,70.867,70.041,72.952,69.225,,1.18%
24-05-2015,70.041,69.864,70.172,69.342,,0.13%
17-05-2015,69.95,72.662,72.768,69.852,,-3.72%
10-05-2015,72.655,71.346,73.035,71.042,,1.78%
03-05-2015,71.385,71.376,73.169,70.217,,0.01%
26-04-2015,71.3755,69.2105,71.8175,68.7355,,3.10%
19-04-2015,69.2265,67.6925,69.2775,66.9565,,2.41%
12-04-2015,67.598,66.024,67.693,65.688,,2.36%
05-04-2015,66.037,68.094,68.666,65.858,,-2.91%
29-03-2015,68.0195,68.0815,68.3745,66.7645,,-0.09%
22-03-2015,68.078,67.631,69.286,67.098,,0.80%
15-03-2015,67.54,66.216,68.932,65.975,,2.01%
08-03-2015,66.2065,67.6535,68.3025,65.7785,,-2.26%
01-03-2015,67.735,68.98,69.641,67.716,,-1.88%
22-02-2015,69.0305,70.7075,71.0865,68.9565,,-2.34%
15-02-2015,70.683,70.683,71.209,70.199,,0.01%
08-02-2015,70.6765,70.2185,71.1345,69.9755,,0.79%
01-02-2015,70.122,69.981,71.033,69.811,,0.16%
25-01-2015,70.0115,68.7295,70.4205,68.2015,,1.67%
18-01-2015,68.862,71.465,71.87,68.273,,-3.80%
11-01-2015,71.5805,73.8195,74.0255,70.9125,,-3.06%
04-01-2015,73.8375,75.9575,76.0445,73.3515,,-2.79%
28-12-2014,75.958,77.453,77.833,75.952,,-1.86%
21-12-2014,77.397,77.327,77.847,77.104,,0.08%
14-12-2014,77.339,77.922,80.017,77.267,,-0.74%
07-12-2014,77.919,76.023,78.075,75.785,,2.43%
30-11-2014,76.0695,77.4605,77.5975,75.9155,,-1.80%
23-11-2014,77.464,76.468,77.738,76.351,,1.22%
16-11-2014,76.533,77.308,78.071,76.441,,-0.98%
09-11-2014,77.289,76.608,77.443,76.219,,0.87%
02-11-2014,76.62,76.864,77.257,76.029,,-0.37%
26-10-2014,76.907,77.579,78.209,76.754,,-0.77%
19-10-2014,77.5055,78.2795,78.6995,77.1665,,-1.04%
12-10-2014,78.317,77.449,79.418,77.272,,1.20%
05-10-2014,77.391,76.987,78.271,76.956,,0.46%
28-09-2014,77.036,77.569,78.348,76.932,,-0.67%
21-09-2014,77.5595,78.0615,78.6615,77.5105,,-0.66%
14-09-2014,78.077,78.712,79.354,78.025,,-0.72%
07-09-2014,78.6395,78.1695,78.9645,77.5365,,0.54%
31-08-2014,78.2145,79.4945,79.7065,77.9765,,-1.59%
24-08-2014,79.478,79.946,80.037,79.466,,-0.76%
17-08-2014,80.0835,81.3915,81.4345,79.9445,,-1.66%
10-08-2014,81.439,81.954,82.146,81.183,,-0.69%
03-08-2014,82.0015,82.1795,82.4925,81.2835,,-0.26%
27-07-2014,82.2145,80.6695,82.3205,80.2995,,1.92%
20-07-2014,80.6695,81.5705,81.6445,80.5985,,-1.06%
13-07-2014,81.5325,81.7245,82.0565,81.1865,,-0.31%
06-07-2014,81.7835,81.2155,82.0585,81.0825,,0.72%
29-06-2014,81.199,81.933,82.403,81.114,,-0.92%
22-06-2014,81.9555,81.8075,82.1865,81.6745,,0.15%
15-06-2014,81.835,80.821,82.238,80.791,,1.20%
08-06-2014,80.8625,80.7425,81.0615,79.9305,,0.16%
01-06-2014,80.7295,80.6955,81.0675,80.0085,,0.05%
25-05-2014,80.6885,79.7605,80.8015,79.5565,,1.12%
18-05-2014,79.793,80.26,80.753,79.422,,-0.54%
11-05-2014,80.229,82.474,82.736,80.223,,-2.76%
04-05-2014,82.509,83.478,83.846,82.389,,-1.16%
27-04-2014,83.4795,83.9065,84.1625,83.1045,,-0.49%
20-04-2014,83.89,83.267,84.658,83.196,,0.71%
13-04-2014,83.298,83.277,83.757,83.076,,-0.31%
06-04-2014,83.56,82.293,83.849,81.86,,1.49%
30-03-2014,82.3345,82.3715,83.0705,82.1475,,-0.04%
23-03-2014,82.3665,83.9995,84.3445,81.9845,,-1.95%
16-03-2014,84.0025,85.1455,85.2505,83.8935,,-1.36%
09-03-2014,85.164,84.752,85.391,84.002,,0.46%
02-03-2014,84.774,85.197,85.554,83.941,,-0.61%
23-02-2014,85.293,85.339,85.727,84.557,,-0.10%
16-02-2014,85.3775,84.6775,85.9035,84.6715,,0.81%
09-02-2014,84.695,84.943,85.487,84.222,,-0.30%
02-02-2014,84.953,84.587,84.996,84.112,,0.48%
26-01-2014,84.5435,85.7345,86.6605,84.4995,,-1.41%
19-01-2014,85.751,83.367,86.125,83.152,,2.90%
12-01-2014,83.338,84.627,84.708,83.19,,-1.52%
05-01-2014,84.6245,84.5125,85.1025,84.0485,,0.14%
29-12-2013,84.507,85.12,85.559,84.456,,-0.72%
22-12-2013,85.118,84.754,85.981,84.329,,0.42%
15-12-2013,84.7635,85.4595,85.7555,84.5615,,-0.83%
08-12-2013,85.4745,84.3515,85.5575,83.4005,,1.51%
01-12-2013,84.2,84.796,84.979,83.615,,-0.71%
24-11-2013,84.803,85,85.264,84.138,,-0.30%
17-11-2013,85.0565,85.0265,85.1395,83.7165,,0.07%
10-11-2013,84.9945,83.4895,85.9365,83.3765,,1.73%
03-11-2013,83.545,83.285,84.836,82.99,,0.31%
27-10-2013,83.285,84.842,85.111,83.242,,-1.85%
20-10-2013,84.8525,83.8255,85.3955,83.7215,,1.24%
13-10-2013,83.816,82.655,84.43,82.649,,1.43%
06-10-2013,82.6335,83.2875,84.5295,82.4365,,-0.79%
29-09-2013,83.2935,84.2505,85.1035,83.1705,,-1.47%
22-09-2013,84.5325,84.3175,84.9105,83.3535,,0.43%
15-09-2013,84.1665,84.3325,85.8425,83.4025,,-0.11%
08-09-2013,84.2575,85.9405,86.6715,83.6265,,-2.02%
01-09-2013,85.993,87.053,90.325,85.235,,-1.02%
25-08-2013,86.882,84.568,92.019,84.53,,2.72%
18-08-2013,84.581,82.181,87.482,82.138,,2.90%
11-08-2013,82.196,80.954,82.743,80.601,,1.52%
04-08-2013,80.9645,81.0945,82.0315,80.5595,,-0.24%
28-07-2013,81.163,78.384,81.346,78.301,,3.52%
21-07-2013,78.4065,77.9765,79.0535,77.6045,,0.54%
14-07-2013,77.9875,78.235,78.6485,77.258,,-0.36%
07-07-2013,78.266,77.22,79.073,76.483,,1.27%
30-06-2013,77.284,77.41,78.54,76.83,,-0.22%
23-06-2013,77.4525,77.733,79.2875,77.299,,-0.43%
16-06-2013,77.7865,76.692,79.4805,76.6,,1.35%
09-06-2013,76.752,75.34,78.275,75.192,,1.72%
02-06-2013,75.4575,72.721,75.8245,72.721,,2.60%
26-05-2013,73.5485,72.134,73.8675,71.588,,1.89%
19-05-2013,72.184,70.296,72.33,70.257,,2.42%
12-05-2013,70.4795,70.999,71.4335,70.219,,-1.03%
05-05-2013,71.2145,70.548,71.4525,70.516,,0.91%
28-04-2013,70.572,70.845,71.143,70.169,,-0.39%
21-04-2013,70.849,70.53,71.048,70.22,,0.63%
14-04-2013,70.4025,71.468,71.6715,70.267,,-1.49%
07-04-2013,71.4675,71.206,71.6975,70.888,,0.37%
31-03-2013,71.201,69.527,71.547,69.162,,2.31%
24-03-2013,69.596,70.468,70.891,69.194,,-1.40%
17-03-2013,70.587,69.772,70.712,69.59,,-0.11%
10-03-2013,70.6635,70.609,71.0035,70.121,,0.02%
03-03-2013,70.6495,71.43,71.7295,70.416,,-1.18%
24-02-2013,71.4945,71.706,71.7425,70.123,,-0.10%
17-02-2013,71.5655,72.488,72.7185,71.35,,-1.43%
10-02-2013,72.6055,71.583,72.7495,71.519,,1.37%
03-02-2013,71.627,72.514,72.622,71.125,,-1.31%
27-01-2013,72.5745,72.368,72.9045,71.952,,0.25%
20-01-2013,72.396,71.477,72.544,71.073,,1.17%
13-01-2013,71.5585,73.304,73.4645,71.501,,-2.24%
06-01-2013,73.2005,71.832,73.2595,71.231,,1.93%
30-12-2012,71.815,72.342,72.713,70.753,,-0.81%
23-12-2012,72.401,72.542,73.029,72.123,,-0.28%
16-12-2012,72.606,71.679,73.073,71.422,,1.33%
09-12-2012,71.6525,70.021,71.7445,69.94,,1.99%
02-12-2012,70.2545,70.424,71.7835,70.079,,-0.46%
25-11-2012,70.58,71.861,72.464,70.359,,-1.88%
18-11-2012,71.9325,70.318,72.0385,70.108,,2.35%
11-11-2012,70.2775,69.388,70.3665,69.355,,1.26%
04-11-2012,69.404,68.99,70.094,68.875,,0.47%
28-10-2012,69.077,69.304,70.266,68.979,,-0.36%
21-10-2012,69.3295,70.121,70.3195,68.978,,-1.14%
14-10-2012,70.13,68.409,70.489,68.06,,2.51%
07-10-2012,68.4125,67.579,68.6175,67.169,,1.10%
30-09-2012,67.666,67.878,68.004,66.837,,-0.42%
23-09-2012,67.9505,69.235,69.3425,67.825,,-1.88%
16-09-2012,69.2495,71.274,71.3645,69.224,,-2.87%
09-09-2012,71.294,70.905,72.171,70.615,,0.45%
02-09-2012,70.975,69.844,70.975,69.631,,1.61%
26-08-2012,69.8505,69.401,70.1725,69.153,,0.58%
19-08-2012,69.4505,68.672,69.6715,68.226,,1.16%
12-08-2012,68.6565,67.917,68.9795,67.781,,1.03%
05-08-2012,67.9595,69.108,69.3845,67.657,,-1.61%
29-07-2012,69.072,67.973,69.284,67.745,,1.45%
22-07-2012,68.088,67.048,68.61,66.927,,1.24%
15-07-2012,67.253,67.585,68.116,67.017,,-0.46%
08-07-2012,67.561,67.976,68.941,67.002,,-0.78%
01-07-2012,68.0905,70.324,70.6375,67.929,,-3.11%
24-06-2012,70.2755,71.691,71.7495,69.907,,-2.13%
17-06-2012,71.806,70.455,71.913,70.045,,2.57%
10-06-2012,70.008,70.139,70.493,69.385,,0.91%
03-06-2012,69.378,69.036,69.811,68.522,,0.45%
27-05-2012,69.0675,69.503,70.1345,68.236,,-0.35%
20-05-2012,69.3125,69.554,71.1575,69.169,,-0.37%
13-05-2012,69.5715,69.081,69.6105,68.357,,0.42%
06-05-2012,69.2805,69.666,69.9215,68.527,,-0.98%
29-04-2012,69.964,69.439,70.812,69.312,,0.46%
22-04-2012,69.646,68.686,69.734,68.462,,1.14%
15-04-2012,68.8615,67.337,68.8615,66.78,,2.15%
08-04-2012,67.4145,66.993,67.9385,66.484,,0.71%
01-04-2012,66.94,67.947,68.061,66.429,,-1.40%
25-03-2012,67.8875,67.908,68.5965,67.366,,-0.05%
18-03-2012,67.9245,66.066,68.0575,65.884,,2.83%
11-03-2012,66.057,65.222,66.127,64.893,,1.19%
04-03-2012,65.2775,65.304,66.7145,65.148,,-0.13%
26-02-2012,65.3655,65.969,66.1635,65.255,,-0.90%
19-02-2012,65.962,65.01,66.086,64.733,,1.68%
12-02-2012,64.875,65.177,65.61,64.061,,-0.29%
05-02-2012,65.066,63.719,65.991,63.531,,1.83%
29-01-2012,63.8955,65.308,65.6275,63.561,,-2.21%
22-01-2012,65.342,64.633,65.853,64.592,,0.58%
15-01-2012,64.965,64.992,65.499,64.356,,-0.35%
08-01-2012,65.195,66.843,67.31,64.92,,-2.71%
01-01-2012,67.0115,68.584,69.5175,66.87,,-2.33%
25-12-2011,68.609,68.846,69.854,68.141,,-0.37%
18-12-2011,68.867,68.457,69.404,68.117,,0.62%
11-12-2011,68.442,69.407,70.667,68.027,,-1.37%
04-12-2011,69.3955,68.653,69.9745,68.27,,1.31%
27-11-2011,68.5,69.422,70.54,68.275,,-0.74%
20-11-2011,69.0125,69.191,71.3015,68.937,,-0.32%
13-11-2011,69.234,69.03,69.812,67.902,,0.67%
06-11-2011,68.772,67.783,69.033,67.041,,1.73%
30-10-2011,67.6005,68.773,69.0195,66.979,,-1.73%
23-10-2011,68.79,69.098,69.836,68.152,,-0.70%
16-10-2011,69.2715,68.041,69.4215,67.131,,1.83%
09-10-2011,68.025,65.676,68.086,65.583,,3.69%
02-10-2011,65.6035,65.36,66.4565,64.632,,-0.02%
25-09-2011,65.618,66.644,67.001,65.58,,-1.50%
18-09-2011,66.615,64.686,67.515,64.459,,1.99%
11-09-2011,65.313,63.059,66.299,62.902,,2.90%
04-09-2011,63.473,64.847,65.645,63.417,,-2.41%
28-08-2011,65.0395,66.894,66.9495,64.868,,-2.82%
21-08-2011,66.9275,65.632,66.9455,65.349,,1.79%
14-08-2011,65.7535,64.722,66.0135,64.439,,1.64%
07-08-2011,64.693,64.311,65.092,63.534,,1.29%
31-07-2011,63.869,63.449,63.945,62.466,,0.35%
24-07-2011,63.645,63.832,64.3,62.761,,-0.04%
17-07-2011,63.669,62.808,64.133,62.376,,1.06%
10-07-2011,63.0025,63.072,63.5995,61.835,,-0.52%
03-07-2011,63.3305,64.877,65.0705,62.91,,-2.31%
26-06-2011,64.825,63.827,65.006,63.209,,1.51%
19-06-2011,63.8615,63.924,64.7455,63.365,,-0.39%
12-06-2011,64.1135,64.075,64.8415,63.162,,-0.10%
05-06-2011,64.1785,65.558,65.7155,64.039,,-2.19%
29-05-2011,65.618,64.634,65.653,64.144,,1.39%
22-05-2011,64.716,63.5,64.72,63.197,,1.71%
15-05-2011,63.6265,63.154,64.5005,62.904,,0.43%
08-05-2011,63.3535,64.249,64.5265,63.091,,-1.03%
01-05-2011,64.0105,65.577,66.4955,63.985,,-2.28%
24-04-2011,65.5065,64.313,65.9785,64.086,,1.84%
17-04-2011,64.323,63.795,64.915,62.87,,0.67%
10-04-2011,63.8975,63.693,64.6835,63.357,,0.10%
03-04-2011,63.832,63.225,63.905,62.731,,1.03%
27-03-2011,63.1785,62.753,63.5005,62.563,,0.34%
20-03-2011,62.9625,63.815,64.1555,62.655,,-1.35%
13-03-2011,63.827,63.16,63.863,62.52,,1.80%
06-03-2011,62.697,62.824,63.278,62.116,,-0.17%
27-02-2011,62.8045,62.25,63.0385,61.573,,0.88%
20-02-2011,62.258,61.792,62.841,60.83,,0.73%
13-02-2011,61.8075,61.524,61.8895,61.035,,0.02%
06-02-2011,61.795,61.784,62.519,61.309,,-0.21%
30-01-2011,61.927,62.415,63.238,61.657,,-0.95%
23-01-2011,62.52,62.212,62.938,61.77,,0.60%
16-01-2011,62.148,60.683,62.189,60.076,,2.42%
09-01-2011,60.68,58.398,60.923,58.133,,3.62%
02-01-2011,58.56,59.652,60.52,58.454,,-2.10%
26-12-2010,59.819,59.026,60.046,58.734,,1.26%
19-12-2010,59.075,59.508,60.023,58.795,,-0.84%
12-12-2010,59.5725,59.37,60.7645,59.139,,0.09%
05-12-2010,59.52,60.018,60.226,59.098,,-1.21%
28-11-2010,60.2515,60.865,60.9195,59.125,,-0.70%
21-11-2010,60.679,62.056,62.414,60.37,,-2.07%
14-11-2010,61.9635,61.389,62.2635,60.574,,1.04%
07-11-2010,61.3285,61.684,61.9485,60.094,,-0.51%
31-10-2010,61.6445,61.861,63.1635,61.456,,-0.31%
24-10-2010,61.8335,62.1,62.4445,60.97,,-0.44%
17-10-2010,62.1075,61.555,62.2975,60.687,,0.80%
10-10-2010,61.6125,62.11,62.4905,61.232,,-0.51%
03-10-2010,61.928,61.154,62.091,60.584,,1.19%
26-09-2010,61.202,60.79,61.384,60.207,,0.57%
19-09-2010,60.858,59.817,61.247,59.24,,1.72%
12-09-2010,59.8315,58.765,60.5685,58.742,,1.95%
05-09-2010,58.6895,59.873,60.1265,58.406,,-2.10%
29-08-2010,59.947,59.734,60.24,58.729,,0.32%
22-08-2010,59.753,59.196,59.872,58.383,,0.87%
15-08-2010,59.238,59.452,60.227,59,,-0.39%
08-08-2010,59.47,61.081,61.328,59.401,,-2.65%
01-08-2010,61.091,60.598,61.579,60.072,,0.89%
25-07-2010,60.5495,60.488,61.2025,60.109,,-0.01%
18-07-2010,60.5535,60.21,61.3885,59.676,,0.21%
11-07-2010,60.4295,58.974,60.8825,58.294,,2.47%
04-07-2010,58.9705,58.461,59.5915,57.98,,0.76%
27-06-2010,58.5245,56.968,58.9435,56.178,,2.63%
20-06-2010,57.027,57.209,57.744,55.866,,0.01%
13-06-2010,57.0235,56.769,57.5515,56.35,,0.64%
06-06-2010,56.6585,55.97,56.9405,55.342,,0.91%
30-05-2010,56.149,56.81,58.202,56.012,,-1.22%
23-05-2010,56.8405,58.836,58.9465,56.778,,-3.66%
16-05-2010,58.9985,55.879,59.7895,55.102,,5.40%
09-05-2010,55.9735,58.914,59.0225,55.861,,-3.74%
02-05-2010,58.15,59.03,59.075,56.703,,-1.23%
25-04-2010,58.8765,59.101,59.5865,58.405,,-0.75%
18-04-2010,59.32,59.622,60.397,58.573,,-0.75%
11-04-2010,59.767,60.269,60.734,59.645,,0.23%
04-04-2010,59.632,60.345,60.616,58.968,,-1.35%
28-03-2010,60.4505,60.835,60.9325,60.054,,-0.15%
21-03-2010,60.54,61.44,61.844,60.25,,-1.59%
14-03-2010,61.5185,62.589,62.8525,61.15,,-1.68%
07-03-2010,62.571,61.93,62.69,61.575,,1.06%
28-02-2010,61.912,62.779,63.022,61.648,,-1.43%
21-02-2010,62.811,62.853,63.157,62.115,,-0.10%
14-02-2010,62.872,63.241,63.482,61.875,,-0.56%
07-02-2010,63.224,63.697,64.413,62.748,,-0.80%
31-01-2010,63.736,64.001,64.601,63.005,,-0.34%
24-01-2010,63.9525,65.429,65.5695,63.871,,-2.15%
17-01-2010,65.36,65.639,65.854,64.287,,-0.79%
10-01-2010,65.878,65.743,66.554,65.179,,0.51%
03-01-2010,65.5425,66.76,66.8595,65.032,,-1.85%
27-12-2009,66.781,66.844,67.435,66.361,,-0.27%
20-12-2009,66.96,66.814,67.381,66.403,,-0.11%
13-12-2009,67.034,67.958,68.541,66.571,,-1.37%
06-12-2009,67.9675,68.528,69.3205,67.772,,-0.89%
29-11-2009,68.581,69.837,70.048,68.39,,-1.38%
22-11-2009,69.5375,69.164,70.2645,69.034,,0.46%
15-11-2009,69.2175,68.914,69.8035,68.369,,0.45%
08-11-2009,68.9065,69.672,69.8925,68.556,,-0.90%
01-11-2009,69.5325,68.999,70.1005,68.809,,0.68%
25-10-2009,69.064,69.726,70.207,68.948,,-1.00%
18-10-2009,69.764,68.861,70.139,68.308,,1.25%
11-10-2009,68.903,68.457,69.196,68.004,,0.56%
04-10-2009,68.517,69.463,69.767,67.751,,-1.28%
27-09-2009,69.4065,70.443,70.5965,69.02,,-1.44%
20-09-2009,70.419,70.473,71.213,69.948,,-0.29%
13-09-2009,70.623,70.625,71.34,69.982,,0.12%
06-09-2009,70.541,69.752,71.061,69.448,,1.19%
30-08-2009,69.714,69.408,70.235,69.059,,0.45%
23-08-2009,69.4,69.439,70.299,68.957,,0.05%
16-08-2009,69.366,68.343,69.75,67.877,,1.31%
09-08-2009,68.468,67.577,69.106,67.103,,1.19%
02-08-2009,67.6625,68.12,68.9465,67.515,,-0.72%
26-07-2009,68.151,68.389,68.948,67.355,,-0.23%
19-07-2009,68.3115,68.542,69.1915,67.838,,-0.24%
12-07-2009,68.479,68.191,68.925,67.584,,0.78%
05-07-2009,67.9515,66.696,68.3765,66.421,,1.77%
28-06-2009,66.769,67.516,67.859,66.542,,-1.09%
21-06-2009,67.506,66.965,68.595,66.352,,0.81%
14-06-2009,66.9615,66.354,67.4485,65.271,,0.63%
07-06-2009,66.544,65.444,67.17,65.359,,1.42%
31-05-2009,65.613,66.524,67.188,65.509,,-1.62%
24-05-2009,66.6935,65.703,66.9555,65.301,,1.77%
17-05-2009,65.534,66.476,66.509,64.127,,-1.53%
10-05-2009,66.553,67.043,67.908,66.358,,-0.78%
03-05-2009,67.0795,65.955,67.0985,65.067,,1.79%
26-04-2009,65.899,65.604,66.806,64.97,,0.21%
19-04-2009,65.758,64.938,66.174,64.186,,1.27%
12-04-2009,64.931,65.645,66.65,64.719,,-1.13%
05-04-2009,65.6705,67.425,67.8645,65.051,,-2.39%
29-03-2009,67.2805,66.728,67.9285,66.179,,0.12%
22-03-2009,67.201,68.855,69.327,66.84,,-2.07%
15-03-2009,68.6215,66.404,69.2475,65.835,,2.99%
08-03-2009,66.6285,65.463,66.9615,64.526,,1.97%
01-03-2009,65.344,64.367,65.928,63.684,,1.12%
22-02-2009,64.6205,63.614,65.0495,62.396,,1.53%
15-02-2009,63.648,62.092,64.295,61.397,,1.82%
08-02-2009,62.5105,63.003,63.6835,61.722,,-0.64%
01-02-2009,62.915,62.328,63.607,61.648,,0.76%
25-01-2009,62.4375,63.608,65.1595,62.228,,-2.00%
18-01-2009,63.714,64.786,65.237,62.493,,-1.55%
11-01-2009,64.7195,65.016,65.5575,63.36,,0.22%
04-01-2009,64.5745,66.873,67.4905,64.458,,-3.31%
28-12-2008,66.788,68.079,69.772,66.575,,-1.95%
21-12-2008,68.1165,65.624,68.6885,65.17,,3.84%
14-12-2008,65.6,64.736,69.19,64.222,,1.17%
07-12-2008,64.8445,62.852,65.5495,62.715,,2.87%
30-11-2008,63.038,62.973,64.019,62.251,,0.13%
23-11-2008,62.9555,62.353,65.2415,62.088,,0.97%
16-11-2008,62.3525,61.131,63.8985,60.781,,0.91%
09-11-2008,61.7925,60.86,63.1175,59.422,,2.10%
02-11-2008,60.5215,62.914,63.1855,59.763,,-3.64%
26-10-2008,62.8055,62.439,65.6005,61.014,,-0.04%
19-10-2008,62.8295,65.282,66.0845,62.418,,-3.82%
12-10-2008,65.322,65.558,66.314,64.404,,0.69%
05-10-2008,64.877,63.906,66.915,63.336,,0.67%
28-09-2008,64.448,67.499,68.103,63.489,,-5.20%
21-09-2008,67.9865,66.35,68.8775,65.64,,2.59%
14-09-2008,66.269,65.41,67.96,64.648,,1.89%
07-09-2008,65.0385,64.072,65.0565,62.107,,2.06%
31-08-2008,63.728,64.464,64.804,62.69,,-1.01%
24-08-2008,64.375,64.049,64.924,63.432,,0.43%
17-08-2008,64.0985,62.835,64.8095,62.605,,1.94%
10-08-2008,62.8815,62.678,64.2815,62.244,,-0.18%
03-08-2008,62.993,65.795,66.347,62.938,,-4.26%
27-07-2008,65.7975,66.171,67.3775,65.526,,-0.66%
20-07-2008,66.233,67.636,68.268,65.512,,-2.21%
13-07-2008,67.7265,68.319,69.3445,67.315,,-0.69%
06-07-2008,68.1995,67.708,68.2735,67.127,,0.63%
29-06-2008,67.7715,67.485,68.9195,67.197,,0.28%
22-06-2008,67.585,66.943,67.585,66.204,,1.11%
15-06-2008,66.8425,66.039,67.2005,65.485,,1.35%
08-06-2008,65.949,67.346,67.986,65.576,,-2.03%
01-06-2008,67.3145,65.577,67.3145,65.301,,2.66%
25-05-2008,65.5735,67.086,67.8535,65.497,,-2.25%
18-05-2008,67.0845,66.127,68.2575,65.4,,1.55%
11-05-2008,66.062,64.213,66.57,63.68,,2.63%
04-05-2008,64.372,62.569,64.535,62.513,,2.88%
27-04-2008,62.5715,62.542,63.4545,62.174,,-0.05%
20-04-2008,62.6015,62.849,64.0555,62.398,,-0.43%
13-04-2008,62.8725,62.568,63.8315,62.253,,-0.16%
06-04-2008,62.975,62.66,63.592,62.223,,0.41%
30-03-2008,62.7195,63.015,63.5595,61.944,,-0.46%
23-03-2008,63.0105,61.468,63.6855,61.193,,2.41%
16-03-2008,61.5275,63.6,64.8135,61.468,,-2.97%
09-03-2008,63.413,62.093,63.425,61.501,,2.18%
02-03-2008,62.06,60.639,62.625,60.372,,2.38%
24-02-2008,60.6145,59.337,60.9445,58.84,,2.14%
17-02-2008,59.346,58.194,59.478,57.787,,1.94%
10-02-2008,58.219,57.454,58.353,57.23,,1.30%
03-02-2008,57.471,58.05,58.545,56.892,,-1.01%
27-01-2008,58.056,57.736,58.787,57.336,,0.58%
20-01-2008,57.7215,57.248,58.2265,56.543,,0.75%
13-01-2008,57.2935,57.868,58.6005,57.073,,-1.01%
06-01-2008,57.8755,57.963,58.2435,57.23,,-0.17%
30-12-2007,57.9755,57.978,58.2205,57.203,,-0.05%
23-12-2007,58.003,56.543,58.076,56.516,,2.62%
16-12-2007,56.5245,56.527,57.1245,56.198,,-0.28%
09-12-2007,56.686,57.601,58.094,56.631,,-1.64%
02-12-2007,57.6295,57.812,58.2975,57.118,,-0.34%
25-11-2007,57.8275,58.247,59.3865,57.777,,-1.77%
18-11-2007,58.868,57.286,59.236,57.156,,2.79%
11-11-2007,57.2725,57.37,57.9065,56.796,,-0.23%
04-11-2007,57.4065,56.902,57.7775,56.57,,0.88%
28-10-2007,56.9045,56.635,57.0725,56.385,,0.55%
21-10-2007,56.5945,56.602,57.1795,56.001,,0.11%
14-10-2007,56.5335,55.529,57.0295,55.366,,1.79%
07-10-2007,55.539,55.452,55.954,54.981,,0.17%
30-09-2007,55.4455,56.604,56.7785,55.233,,-2.04%
23-09-2007,56.603,55.951,56.63,55.557,,1.13%
16-09-2007,55.969,55.957,56.409,55.471,,-0.05%
09-09-2007,55.9995,55.803,56.3145,55.597,,0.43%
02-09-2007,55.7605,55.353,55.9825,55.232,,0.66%
26-08-2007,55.3925,55.897,56.3285,55.32,,-1.03%
19-08-2007,55.9665,55.331,56.1845,54.845,,1.11%
12-08-2007,55.3505,55.356,55.9715,54.228,,-0.13%
05-08-2007,55.4225,55.626,56.0925,54.925,,-0.03%
29-07-2007,55.4405,54.969,55.7225,54.809,,0.66%
22-07-2007,55.0745,55.597,55.8855,54.98,,-0.92%
15-07-2007,55.5845,55.47,55.9155,55.263,,0.13%
08-07-2007,55.513,54.756,56.114,54.672,,1.35%
01-07-2007,54.771,54.841,55.354,54.568,,-0.19%
24-06-2007,54.877,54.654,55.259,54.495,,0.34%
17-06-2007,54.691,54.289,54.911,54.193,,0.58%
10-06-2007,54.3735,54.383,54.8505,53.652,,-0.16%
03-06-2007,54.459,54.108,55.116,53.963,,0.55%
27-05-2007,54.159,54.156,54.898,53.952,,0.01%
20-05-2007,54.1535,54.451,55.1185,53.976,,-0.53%
13-05-2007,54.441,55.129,55.665,54.235,,-1.25%
06-05-2007,55.1285,55.257,55.9215,54.934,,-0.21%
29-04-2007,55.2455,55.605,56.5765,55.108,,-0.82%
22-04-2007,55.7025,56.571,56.7985,55.089,,-1.47%
15-04-2007,56.532,57.5,57.73,56.324,,-1.54%
08-04-2007,57.419,57.032,57.903,56.886,,0.58%
01-04-2007,57.0905,57.638,57.9125,57.019,,-0.88%
25-03-2007,57.5955,57.63,58.4595,56.853,,-0.06%
18-03-2007,57.6305,58.528,58.7375,57.528,,-1.55%
11-03-2007,58.535,57.793,58.88,57.763,,1.24%
04-03-2007,57.82,58.225,58.721,57.648,,-0.65%
25-02-2007,58.1965,58.005,58.6475,57.921,,0.30%
18-02-2007,58.0245,57.715,58.2915,57.623,,0.65%
11-02-2007,57.6475,57.065,58.0075,56.946,,0.87%
04-02-2007,57.1505,57.011,57.5085,56.762,,0.19%
28-01-2007,57.042,57.037,57.586,56.889,,-0.03%
21-01-2007,57.057,57.223,57.758,56.796,,-0.34%
14-01-2007,57.2515,57.262,57.6695,56.906,,0.02%
07-01-2007,57.239,57.474,58.047,57.039,,-0.39%
31-12-2006,57.4605,58.208,58.9495,57.38,,-1.32%
24-12-2006,58.232,58.267,58.58,57.81,,-0.19%
17-12-2006,58.34,58.184,59.269,58.158,,0.22%
10-12-2006,58.2125,58.673,59.6475,58.078,,-0.94%
03-12-2006,58.7665,59.261,59.5995,58.709,,-0.88%
26-11-2006,59.29,58.725,59.441,58.369,,1.51%
19-11-2006,58.4105,57.341,58.6255,57.276,,1.82%
12-11-2006,57.3645,57.288,58.1995,57.203,,0.22%
05-11-2006,57.2375,56.921,57.6035,56.691,,0.53%
29-10-2006,56.9365,57.323,57.4525,56.76,,-0.81%
22-10-2006,57.4005,57.004,57.5245,56.615,,0.68%
15-10-2006,57.015,56.628,57.331,56.516,,0.50%
08-10-2006,56.7315,57.163,57.7135,56.589,,-0.89%
01-10-2006,57.243,58.054,58.702,57.123,,-1.35%
24-09-2006,58.025,58.535,58.843,57.87,,-0.83%
17-09-2006,58.513,58.053,59.028,58.026,,0.66%
10-09-2006,58.128,58.332,58.97,58.03,,-0.44%
03-09-2006,58.3825,59.57,59.8485,58.261,,-1.95%
27-08-2006,59.5465,59.219,59.8845,59.148,,0.56%
20-08-2006,59.216,59.487,60.052,59.141,,-0.48%
13-08-2006,59.5,59.047,59.871,58.9,,0.64%
06-08-2006,59.1195,59.819,60.0085,59.035,,-1.17%
30-07-2006,59.822,59.396,59.973,59.086,,0.73%
23-07-2006,59.3895,59.22,59.5065,58.672,,0.09%
16-07-2006,59.3335,58.347,59.3605,58.08,,1.51%
09-07-2006,58.45,58.721,59.07,58.352,,-0.50%
02-07-2006,58.7465,58.654,59.1525,58.291,,0.12%
25-06-2006,58.6755,57.522,58.7125,57.465,,1.92%
18-06-2006,57.571,57.784,58.342,57.367,,-0.37%
11-06-2006,57.7875,57.769,58.2175,57.391,,-0.22%
04-06-2006,57.916,59.029,59.529,57.698,,-1.87%
28-05-2006,59.0185,58.312,59.9925,58.25,,1.12%
21-05-2006,58.3645,57.858,58.8895,57.721,,0.71%
14-05-2006,57.9555,58.175,58.6245,56.748,,-0.31%
07-05-2006,58.1335,57.113,58.3285,56.73,,1.86%
30-04-2006,57.072,56.661,57.247,56.147,,0.59%
23-04-2006,56.74,55.727,56.763,55.263,,2.00%
16-04-2006,55.6255,54.525,55.8775,54.516,,2.07%
09-04-2006,54.495,53.893,55.006,53.776,,1.22%
02-04-2006,53.8365,53.905,54.9315,53.575,,-0.16%
26-03-2006,53.925,53.553,54.33,53.332,,0.68%
19-03-2006,53.56,53.91,54.196,53.078,,-0.76%
12-03-2006,53.971,52.791,54.2,52.764,,2.21%
05-03-2006,52.8055,53.228,53.5805,52.461,,-0.77%
26-02-2006,53.2135,52.577,53.4075,52.281,,1.18%
19-02-2006,52.595,52.838,53.243,52.532,,-0.52%
12-02-2006,52.8695,52.455,53.0365,52.275,,0.74%
05-02-2006,52.4805,53.05,53.2015,52.411,,-1.07%
29-01-2006,53.048,53.274,53.776,52.839,,-0.46%
22-01-2006,53.291,53.594,54.529,53.182,,-0.59%
15-01-2006,53.607,53.536,54.015,53.198,,0.17%
08-01-2006,53.5155,53.795,53.8875,52.806,,-0.61%
01-01-2006,53.8465,53.262,54.3675,53.15,,1.05%
25-12-2005,53.285,53.484,53.954,52.988,,-0.56%
18-12-2005,53.5835,54.418,54.5155,53.242,,-1.46%
11-12-2005,54.3775,54.318,55.2975,53.889,,-0.21%
04-12-2005,54.4945,53.963,54.7675,53.788,,0.84%
27-11-2005,54.0425,53.575,54.6075,53.351,,0.71%
20-11-2005,53.6615,53.807,54.2795,53.443,,-0.29%
13-11-2005,53.816,53.382,53.97,53.104,,0.75%
06-11-2005,53.4135,53.678,54.3155,53.241,,-0.61%
30-10-2005,53.7435,54.264,54.8075,53.626,,-1.11%
23-10-2005,54.345,53.769,54.917,53.564,,1.00%
16-10-2005,53.8095,54.087,54.4835,53.633,,-0.53%
09-10-2005,54.0945,53.727,54.3245,53.397,,0.61%
02-10-2005,53.764,52.808,54.022,52.313,,1.66%
25-09-2005,52.8885,52.765,53.1855,52.585,,0.12%
18-09-2005,52.823,53.311,53.816,52.764,,-1.54%
11-09-2005,53.651,54.267,54.37,53.412,,-1.28%
04-09-2005,54.345,54.899,55.149,54.082,,-1.10%
28-08-2005,54.9505,53.558,55.3055,53.45,,2.54%
21-08-2005,53.5895,52.925,53.9895,52.87,,1.26%
14-08-2005,52.9245,54.138,54.1815,52.773,,-2.18%
07-08-2005,54.1035,53.576,54.4545,53.487,,0.70%
31-07-2005,53.728,52.609,53.947,52.528,,1.98%
24-07-2005,52.686,52.37,52.834,51.835,,0.45%
17-07-2005,52.4525,52.255,53.1025,51.971,,0.18%
10-07-2005,52.3585,52.096,53.3475,51.981,,0.33%
03-07-2005,52.186,51.909,52.601,51.644,,0.21%
26-06-2005,52.075,52.575,53.082,51.875,,-1.06%
19-06-2005,52.6335,53.027,53.3175,52.167,,-1.57%
12-06-2005,53.4715,52.647,53.4845,52.27,,1.36%
05-06-2005,52.7535,53.239,53.7695,52.572,,-1.09%
29-05-2005,53.3365,54.514,54.6535,53.096,,-2.55%
22-05-2005,54.733,54.495,55.077,54.28,,0.23%
15-05-2005,54.609,54.788,55.153,54.327,,-0.36%
08-05-2005,54.8065,55.656,56.0525,54.622,,-1.75%
01-05-2005,55.783,55.787,56.53,55.493,,-0.22%
24-04-2005,55.9075,56.963,57.0985,55.773,,-2.00%
17-04-2005,57.0505,56.451,57.4085,56.182,,0.90%
10-04-2005,56.5395,56.349,56.8995,55.673,,0.04%
03-04-2005,56.5155,56.183,56.6865,55.843,,0.25%
27-03-2005,56.3755,56.532,57.0685,56.04,,-0.37%
20-03-2005,56.583,57.969,58.056,56.405,,-2.52%
13-03-2005,58.0465,58.542,58.6935,57.71,,-0.71%
06-03-2005,58.4645,57.687,58.7655,57.447,,1.19%
27-02-2005,57.777,57.744,58.043,57.042,,-0.03%
20-02-2005,57.797,57.041,58.012,56.989,,1.00%
13-02-2005,57.227,56.311,57.425,56.204,,1.60%
06-02-2005,56.3275,55.714,56.5355,55.218,,0.89%
30-01-2005,55.828,56.859,57.2,55.667,,-2.03%
23-01-2005,56.985,56.907,57.492,56.483,,0.02%
16-01-2005,56.974,57.059,57.402,56.482,,-0.31%
09-01-2005,57.1505,57.085,58.0255,56.907,,0.07%
02-01-2005,57.111,58.555,59.104,56.815,,-2.61%
26-12-2004,58.6425,59.023,59.7205,58.458,,-0.72%
19-12-2004,59.065,58.483,59.365,58.17,,1.33%
12-12-2004,58.2895,58.775,59.2425,57.767,,-1.12%
05-12-2004,58.948,59.244,59.354,57.93,,-0.57%
28-11-2004,59.287,59.6,59.884,58.256,,-0.76%
21-11-2004,59.743,58.679,60.016,58.348,,1.85%
14-11-2004,58.6595,58.435,58.9725,57.988,,0.32%
07-11-2004,58.472,58.49,58.708,57.91,,0.14%
31-10-2004,58.3925,58.006,58.5145,57.519,,0.74%
24-10-2004,57.961,58.067,58.65,57.514,,-0.05%
17-10-2004,57.992,57.107,58.005,56.992,,1.58%
10-10-2004,57.088,56.799,57.28,55.925,,0.52%
03-10-2004,56.793,56.845,56.918,56.067,,-0.24%
26-09-2004,56.929,56.255,57.213,56.174,,1.17%
19-09-2004,56.268,55.763,56.705,55.499,,0.61%
12-09-2004,55.9285,56.664,56.8655,55.452,,-1.31%
05-09-2004,56.6725,55.785,56.9335,55.59,,1.67%
29-08-2004,55.744,55.587,56.634,55.403,,0.25%
22-08-2004,55.603,56.9,56.996,55.502,,-2.32%
15-08-2004,56.924,57.174,57.473,56.674,,-0.47%
08-08-2004,57.19,56.823,57.265,56.285,,0.64%
01-08-2004,56.825,55.935,56.899,55.347,,1.96%
25-07-2004,55.7315,56.066,56.4155,55.45,,-0.45%
18-07-2004,55.983,56.95,57.501,55.876,,-1.82%
11-07-2004,57.0185,56.573,57.2325,56.303,,0.68%
04-07-2004,56.631,56.254,56.921,56.133,,0.54%
27-06-2004,56.3275,55.682,56.5215,55.438,,1.06%
20-06-2004,55.736,55.302,56.268,54.929,,0.75%
13-06-2004,55.3215,53.974,55.4295,53.847,,2.21%
06-06-2004,54.1245,55.443,55.7525,53.936,,-2.05%
30-05-2004,55.256,55.502,55.877,54.742,,-0.32%
23-05-2004,55.4355,54.196,55.9015,53.928,,2.17%
16-05-2004,54.259,54.15,55.189,53.71,,0.32%
09-05-2004,54.0845,53.022,54.4765,52.667,,2.01%
02-05-2004,53.017,53.285,54.456,52.918,,-0.50%
25-04-2004,53.284,51.966,53.458,51.681,,2.09%
18-04-2004,52.1955,52.676,53.0875,51.817,,-0.63%
11-04-2004,52.5265,52.646,52.8685,51.794,,-0.19%
04-04-2004,52.6285,52.933,53.3535,52.193,,-0.56%
28-03-2004,52.926,53.782,54.162,52.778,,-1.81%
21-03-2004,53.8995,55.475,55.8915,53.636,,-2.78%
14-03-2004,55.439,55.146,56.258,54.979,,0.23%
07-03-2004,55.311,56.009,56.406,55.004,,-1.40%
29-02-2004,56.0965,56.489,56.7595,54.505,,-0.66%
22-02-2004,56.4675,56.561,57.5805,55.933,,-0.46%
15-02-2004,56.7275,57.664,58.5625,56.426,,-1.46%
08-02-2004,57.5675,57.081,58.3745,57.045,,0.05%
01-02-2004,57.537,56.389,57.588,55.998,,1.92%
25-01-2004,56.452,56.931,57.456,55.913,,-1.19%
18-01-2004,57.133,56.053,58.003,55.995,,1.59%
11-01-2004,56.237,58.337,58.633,55.97,,-3.52%
04-01-2004,58.2915,57.361,58.4475,57.154,,1.49%
28-12-2003,57.4355,56.572,57.7605,56.438,,1.67%
21-12-2003,56.4945,56.296,56.8985,56.051,,0.44%
14-12-2003,56.2465,55.22,56.6755,55.17,,0.55%
07-12-2003,55.9395,55.41,56.0405,55.035,,0.91%
30-11-2003,55.436,54.745,55.533,54.479,,0.99%
23-11-2003,54.892,54.384,55.117,53.822,,0.79%
16-11-2003,54.463,53.398,54.751,53.286,,1.92%
09-11-2003,53.4345,52.095,53.6145,51.688,,2.26%
02-11-2003,52.2535,52.464,52.6725,51.37,,-0.47%
26-10-2003,52.499,53.332,53.499,52.338,,-1.73%
19-10-2003,53.424,53.083,53.729,52.518,,0.92%
12-10-2003,52.9345,53.58,53.7355,52.223,,-1.14%
05-10-2003,53.5435,52.44,53.8195,52.322,,2.02%
28-09-2003,52.482,52.42,53.63,52.196,,0.04%
21-09-2003,52.459,52.567,52.934,52.233,,0.44%
14-09-2003,52.2275,51.499,52.2555,50.928,,1.11%
07-09-2003,51.6565,50.671,51.8215,50.499,,1.44%
31-08-2003,50.9225,50.285,51.0735,49.35,,1.13%
24-08-2003,50.3545,49.765,50.4415,49.464,,0.93%
17-08-2003,49.89,51.679,51.772,49.533,,-3.49%
10-08-2003,51.6955,51.98,52.3265,51.417,,-0.60%
03-08-2003,52.0055,52.355,52.6585,51.888,,-0.08%
27-07-2003,52.046,53.009,53.262,51.396,,-1.96%
20-07-2003,53.0875,52.025,53.2305,52.001,,1.96%
13-07-2003,52.0675,52.033,52.4125,51.139,,0.17%
06-07-2003,51.9815,53.168,53.2615,51.842,,-2.31%
29-06-2003,53.2125,52.907,53.9305,52.828,,0.17%
22-06-2003,53.121,53.847,54.117,52.768,,-1.56%
15-06-2003,53.9635,55.452,55.7015,53.664,,-2.49%
08-06-2003,55.339,54.885,55.418,54.459,,1.00%
01-06-2003,54.791,55.007,55.718,54.37,,-1.15%
25-05-2003,55.4275,55.338,56.0095,54.875,,0.01%
18-05-2003,55.423,54.966,55.454,54.399,,1.58%
11-05-2003,54.5635,54.4,54.8865,53.459,,0.74%
04-05-2003,54.1615,53.134,54.4955,52.954,,1.94%
27-04-2003,53.13,52.158,53.433,51.666,,1.76%
20-04-2003,52.213,51.459,52.307,51.152,,1.54%
13-04-2003,51.4235,50.921,51.9785,50.684,,1.09%
06-04-2003,50.868,50.488,51.292,50.024,,0.04%
30-03-2003,50.847,51.222,52.028,50.553,,-0.70%
23-03-2003,51.205,50.549,51.314,50.179,,2.12%
16-03-2003,50.1405,51.282,51.7365,49.928,,-1.96%
09-03-2003,51.1425,52.428,52.8345,50.832,,-2.49%
02-03-2003,52.451,51.246,52.778,51.232,,2.02%
23-02-2003,51.412,51.046,51.723,51.003,,0.30%
16-02-2003,51.256,51.427,51.79,50.813,,-0.70%
09-02-2003,51.617,51.501,51.994,50.793,,0.04%
02-02-2003,51.596,51.44,52.283,51.012,,0.23%
26-01-2003,51.4755,51.796,52.3085,51.144,,-0.66%
19-01-2003,51.8165,51.065,51.9555,50.905,,1.36%
12-01-2003,51.1225,50.664,51.1835,50.316,,0.81%
05-01-2003,50.7115,49.982,50.7645,49.61,,1.43%
29-12-2002,49.995,49.946,50.437,49.542,,-0.13%
22-12-2002,50.0605,49.234,50.0935,48.956,,1.59%
15-12-2002,49.278,49.302,49.782,48.98,,0.02%
08-12-2002,49.2695,48.612,49.4835,48.369,,1.24%
01-12-2002,48.667,47.98,48.816,47.516,,1.29%
24-11-2002,48.047,47.952,48.105,47.549,,0.02%
17-11-2002,48.0375,48.574,48.8705,47.908,,-1.22%
10-11-2002,48.633,48.778,49.135,48.174,,-0.48%
03-11-2002,48.867,48.127,48.978,47.913,,1.47%
27-10-2002,48.158,47.219,48.336,46.981,,2.05%
20-10-2002,47.192,46.977,47.456,46.817,,0.35%
13-10-2002,47.028,47.662,47.859,46.841,,-1.43%
06-10-2002,47.711,47.252,48.056,47.136,,0.80%
29-09-2002,47.3345,47.373,47.9255,47.203,,-0.15%
22-09-2002,47.4045,47.422,47.7905,47.001,,-0.32%
15-09-2002,47.5555,46.967,47.8725,46.48,,1.12%
08-09-2002,47.028,47.564,47.7851,46.904,,-1.25%
01-09-2002,47.6225,47.515,48.4995,47.408,,0.05%
25-08-2002,47.6,47.123,47.949,46.929,,0.92%
18-08-2002,47.166,47.812,48.007,46.808,,-1.31%
11-08-2002,47.7925,47.137,48.1505,47.064,,1.33%
04-08-2002,47.166,48.018,48.1,46.777,,-1.76%
28-07-2002,48.0125,48.008,48.3215,47.264,,0.04%
21-07-2002,47.9935,49.286,49.4465,47.847,,-2.57%
14-07-2002,49.26,48.271,49.798,48.262,,2.02%
07-07-2002,48.287,47.473,48.695,47.439,,1.75%
30-06-2002,47.458,48.376,48.803,47.297,,-2.04%
23-06-2002,48.445,47.36,48.902,47.131,,2.06%
16-06-2002,47.467,46.17,47.565,46.014,,2.43%
09-06-2002,46.34,46.15,46.663,45.94,,0.26%
02-06-2002,46.2215,45.655,46.5665,45.52,,0.96%
26-05-2002,45.78,45.036,46.161,44.89,,1.58%
19-05-2002,45.0675,45.104,45.5165,44.787,,-0.07%
12-05-2002,45.1,44.738,45.174,43.989,,0.77%
05-05-2002,44.756,44.866,45.045,44.12,,-0.29%
28-04-2002,44.8875,44.06,44.9365,43.924,,1.71%
21-04-2002,44.1315,43.48,44.1615,43.296,,1.21%
14-04-2002,43.604,42.94,43.695,42.909,,1.37%
07-04-2002,43.016,42.838,43.251,42.608,,0.28%
31-03-2002,42.897,42.439,43.296,42.439,,0.88%
24-03-2002,42.524,42.632,42.88,42.371,,-0.54%
17-03-2002,42.7535,42.929,43.2455,42.569,,-0.47%
10-03-2002,42.9575,42.5,43.1865,42.339,,0.92%
03-03-2002,42.5675,42.071,43.0645,41.977,,1.02%
24-02-2002,42.1365,42.569,42.8115,41.897,,-1.25%
17-02-2002,42.672,42.471,42.793,42.11,,0.41%
10-02-2002,42.4995,42.248,42.8845,42.184,,0.03%
03-02-2002,42.4885,41.81,42.6525,41.724,,1.59%
27-01-2002,41.824,41.753,42.167,41.353,,-0.06%
20-01-2002,41.849,42.562,42.96,41.561,,-1.82%
13-01-2002,42.624,43.221,43.371,42.366,,-1.30%
06-01-2002,43.1855,43.116,43.4505,42.733,,0.03%
30-12-2001,43.1705,42.594,43.7525,42.522,,1.27%
23-12-2001,42.63,42.402,42.763,41.699,,0.42%
16-12-2001,42.451,43.21,43.43,42.278,,-1.66%
09-12-2001,43.1675,42.595,43.2995,42.21,,1.51%
02-12-2001,42.527,42.937,43.034,42.3,,-1.03%
25-11-2001,42.9715,42.082,43.0625,42.035,,1.85%
18-11-2001,42.19,42.37,42.619,41.918,,-0.55%
11-11-2001,42.4215,42.896,43.2795,42.095,,-1.17%
04-11-2001,42.924,43.218,43.46,42.663,,-0.87%
28-10-2001,43.3015,42.844,43.7845,42.818,,1.05%
21-10-2001,42.8495,43.091,43.2945,42.519,,-0.78%
14-10-2001,43.186,43.761,43.919,43,,-1.34%
07-10-2001,43.7725,44.064,44.5505,43.114,,-0.72%
30-09-2001,44.09,43.553,44.346,43.32,,1.07%
23-09-2001,43.6225,43.82,44.2965,43.398,,-0.73%
16-09-2001,43.9425,44.134,45.2355,43.575,,-0.16%
09-09-2001,44.0145,42.736,44.2335,42.362,,2.72%
02-09-2001,42.8475,42.829,42.9545,41.586,,-0.34%
26-08-2001,42.9945,42.98,43.4165,42.476,,-0.29%
19-08-2001,43.1175,43.187,43.5705,42.692,,-0.31%
12-08-2001,43.2535,42.034,43.4145,41.977,,2.75%
05-08-2001,42.0945,41.611,42.2525,41.144,,1.01%
29-07-2001,41.673,41.246,41.833,41.044,,0.73%
22-07-2001,41.3725,40.913,41.6625,40.684,,0.80%
15-07-2001,41.046,40.227,41.471,39.995,,1.80%
08-07-2001,40.3195,39.882,40.7835,39.768,,0.93%
01-07-2001,39.9485,39.96,40.1085,39.292,,-0.09%
24-06-2001,39.984,40.209,40.75,39.578,,-0.74%
17-06-2001,40.282,40.561,40.669,39.827,,-0.51%
10-06-2001,40.4885,39.757,40.8085,39.392,,1.36%
03-06-2001,39.945,39.72,40.322,39.504,,0.26%
27-05-2001,39.8395,40.351,40.4875,39.569,,-1.51%
20-05-2001,40.4485,41.24,41.4565,39.907,,-2.21%
13-05-2001,41.3645,41.021,41.7365,40.856,,0.84%
06-05-2001,41.019,41.787,41.853,40.86,,-1.76%
29-04-2001,41.754,41.767,42.142,41.4,,-0.08%
22-04-2001,41.7865,42.154,42.5265,41.568,,-1.05%
15-04-2001,42.2295,41.573,42.3745,40.688,,1.50%
08-04-2001,41.606,42.007,42.174,40.957,,-1.18%
01-04-2001,42.102,40.755,42.375,40.733,,2.64%
25-03-2001,41.0185,41.534,42.0105,40.739,,-1.19%
18-03-2001,41.511,41.859,42.697,41.187,,-0.89%
11-03-2001,41.884,43.338,43.517,41.561,,-3.53%
04-03-2001,43.415,43.529,43.675,42.74,,-0.23%
25-02-2001,43.513,42.677,43.718,42.267,,1.76%
18-02-2001,42.7625,42.436,43.0975,41.919,,0.65%
11-02-2001,42.4845,42.971,43.4145,41.971,,-1.12%
04-02-2001,42.964,43.333,43.855,42.354,,-1.08%
28-01-2001,43.435,42.966,43.876,42.41,,1.12%
21-01-2001,42.9545,43.249,43.8495,42.302,,-0.85%
14-01-2001,43.3215,44.264,44.3915,43.073,,-2.21%
07-01-2001,44.299,44.672,44.846,43.59,,-0.97%
31-12-2000,44.732,43.968,44.906,43.198,,1.68%
24-12-2000,43.9915,43.072,44.0055,42.885,,1.97%
17-12-2000,43.1415,41.804,43.3205,41.371,,3.08%
10-12-2000,41.8525,41.225,42.1425,40.724,,1.06%
03-12-2000,41.415,41.114,42.038,40.951,,0.60%
26-11-2000,41.1695,39.283,41.2345,39.251,,4.91%
19-11-2000,39.2445,39.679,40.0045,39.125,,-1.23%
12-11-2000,39.734,40.251,40.586,39.59,,-1.19%
05-11-2000,40.211,40.384,40.748,39.678,,-0.46%
29-10-2000,40.3985,39.202,41.0835,39.072,,2.88%
22-10-2000,39.2685,38.948,39.4875,38.287,,0.58%
15-10-2000,39.043,39.563,39.759,38.511,,-1.67%
08-10-2000,39.708,39.969,40.654,39.484,,-0.91%
01-10-2000,40.0745,40.576,40.9065,39.855,,-1.40%
24-09-2000,40.642,40.457,41.04,40.013,,0.67%
17-09-2000,40.373,38.978,41.731,38.847,,3.31%
10-09-2000,39.08,39.36,39.988,38.955,,-1.17%
03-09-2000,39.5425,41.152,41.4135,39.323,,-4.04%
27-08-2000,41.2085,41.33,41.5545,40.394,,-0.45%
20-08-2000,41.393,41.309,41.64,40.643,,-0.33%
13-08-2000,41.531,41.34,42.213,41.062,,0.40%
06-08-2000,41.367,41.087,42.016,40.804,,0.38%
30-07-2000,41.2115,41.401,41.9335,40.684,,-0.56%
23-07-2000,41.445,41.839,42.485,41.31,,-1.05%
16-07-2000,41.8845,41.9,42.2555,41.056,,-0.15%
09-07-2000,41.9465,42.309,42.8135,41.564,,-1.08%
02-07-2000,42.403,42.506,43.007,42.211,,-0.30%
25-06-2000,42.5315,41.755,42.9485,41.482,,1.72%
18-06-2000,41.8135,43.035,43.4845,41.619,,-3.11%
11-06-2000,43.1575,42.587,43.2675,42.406,,1.17%
04-06-2000,42.658,42.158,43.377,41.948,,1.07%
28-05-2000,42.205,41.203,42.397,41.008,,2.33%
21-05-2000,41.243,39.382,41.478,39.34,,4.66%
14-05-2000,39.4055,40.232,40.4955,38.884,,-2.64%
07-05-2000,40.4755,39.092,40.4845,38.812,,3.40%
30-04-2000,39.1455,39.791,40.0845,38.604,,-1.69%
23-04-2000,39.8195,40.901,41.2965,39.407,,-2.72%
16-04-2000,40.933,42.02,42.288,40.775,,-2.58%
09-04-2000,42.017,41.579,42.13,41.427,,0.86%
02-04-2000,41.6575,41.672,42.5665,41.42,,-0.15%
26-03-2000,41.7185,42.495,42.7305,41.24,,-2.04%
19-03-2000,42.586,42.352,42.608,41.647,,0.50%
12-03-2000,42.375,41.932,42.516,41.764,,0.98%
05-03-2000,41.963,41.695,42.305,41.429,,0.29%
27-02-2000,41.841,42.493,43.081,40.956,,-1.63%
20-02-2000,42.5345,42.924,44.0575,42.352,,-1.23%
13-02-2000,43.064,43.004,43.466,42.535,,0.07%
06-02-2000,43.034,42.881,43.505,42.499,,0.42%
30-01-2000,42.852,42.628,43.409,42.104,,0.76%
23-01-2000,42.5275,43.611,44.0555,42.387,,-3.26%
16-01-2000,43.9585,44.044,44.4535,43.7,,-0.27%
09-01-2000,44.0765,44.688,45.1775,43.924,,-1.51%
02-01-2000,44.7525,43.692,45.3785,43.628,,2.11%
26-12-1999,43.826,44.035,44.214,43.443,,-0.50%
19-12-1999,44.0475,43.813,44.3215,43.64,,0.47%
12-12-1999,43.8395,44.032,44.6365,43.475,,-0.44%
05-12-1999,44.0335,43.408,44.8115,43.309,,1.28%
28-11-1999,43.475,43.993,44.349,43.274,,-1.51%
21-11-1999,44.143,44.666,44.905,43.712,,-1.31%
14-11-1999,44.7275,44.748,45.4055,44.329,,-0.07%
07-11-1999,44.759,45.223,45.495,44.599,,-0.93%
31-10-1999,45.177,45.736,46.047,44.798,,-1.38%
24-10-1999,45.8105,46.373,46.5585,45.248,,-1.30%
17-10-1999,46.412,47.319,47.444,46.115,,-1.97%
10-10-1999,47.343,46.007,47.474,45.953,,2.46%
03-10-1999,46.205,46.661,47.064,45.951,,-1.22%
26-09-1999,46.778,45.386,47.046,45.186,,2.96%
19-09-1999,45.434,45.311,46.019,44.959,,0.11%
12-09-1999,45.383,44.984,45.677,44.68,,0.69%
05-09-1999,45.0725,45.988,46.3705,44.958,,-2.33%
29-08-1999,46.1485,45.513,46.7395,45.285,,1.42%
22-08-1999,45.502,46.451,46.529,45.205,,-2.13%
15-08-1999,46.492,45.905,46.59,45.415,,1.34%
08-08-1999,45.875,46.6,46.775,45.766,,-1.74%
01-08-1999,46.689,46.244,47.047,46.011,,0.59%
25-07-1999,46.417,45.44,46.62,45.435,,2.07%
18-07-1999,45.4775,43.966,45.7265,43.718,,3.05%
11-07-1999,44.1325,44.08,44.4125,43.672,,-0.08%
04-07-1999,44.166,44.412,44.528,43.946,,-0.66%
27-06-1999,44.4585,45.059,45.3245,44.178,,-1.66%
20-06-1999,45.207,44.784,45.544,44.315,,0.80%
13-06-1999,44.849,45.235,45.331,44.238,,-0.95%
06-06-1999,45.279,44.463,45.464,44.081,,1.64%
30-05-1999,44.549,44.852,44.935,44.016,,-0.78%
23-05-1999,44.899,45.087,45.706,44.542,,-0.77%
16-05-1999,45.248,45.569,45.817,44.962,,-0.76%
09-05-1999,45.593,45.742,46.355,45.253,,-0.79%
02-05-1999,45.9575,45.234,46.3455,44.983,,1.56%
25-04-1999,45.25,45.349,45.866,45.035,,-0.31%
18-04-1999,45.3895,45.463,46.1575,45.083,,-0.76%
11-04-1999,45.738,46.13,46.518,45.429,,-0.87%
04-04-1999,46.1405,45.513,46.4735,45.253,,0.99%
28-03-1999,45.6875,45.439,45.9725,45.185,,0.05%
21-03-1999,45.6625,46.18,46.5485,45.303,,-1.19%
14-03-1999,46.2135,46.215,47.0325,45.834,,-0.23%
07-03-1999,46.3215,45.959,46.9655,45.745,,0.58%
28-02-1999,46.0545,46.706,46.9765,45.782,,-2.13%
21-02-1999,47.055,46.937,47.251,46.347,,0.16%
14-02-1999,46.978,47.906,47.998,46.819,,-2.22%
07-02-1999,48.0465,47.762,48.3035,47.546,,0.49%
31-01-1999,47.8115,48.281,48.4945,47.687,,-0.99%
24-01-1999,48.292,49.099,49.412,48.106,,-1.90%
17-01-1999,49.2255,49.036,49.5295,48.966,,0.34%
10-01-1999,49.0575,49.151,50.0965,48.563,,-0.28%
03-01-1999,49.194,49.778,50.746,48.953,,-1.19%
27-12-1998,49.7875,49.72,49.7875,49.72,,0.24%
20-12-1998,49.667,49.598,49.667,49.598,,-1.05%
13-12-1998,50.1965,50.057,50.1965,50.057,,-0.94%
06-12-1998,50.672,50.591,50.672,50.591,,1.67%
29-11-1998,49.84,49.76,49.84,49.76,,1.96%
22-11-1998,48.8815,48.807,48.8815,48.807,,-0.76%
15-11-1998,49.256,49.177,49.256,49.177,,-0.39%
08-11-1998,49.4495,49.399,49.4495,49.399,,-0.47%
01-11-1998,49.6815,49.602,49.6815,49.602,,-1.37%
25-10-1998,50.3715,50.261,50.3715,50.261,,-0.89%
18-10-1998,50.8235,50.742,50.8235,50.742,,-1.25%
11-10-1998,51.466,51.384,51.466,51.384,,0.43%
04-10-1998,51.2465,51.104,51.2465,51.104,,1.17%
27-09-1998,50.656,50.545,50.656,50.545,,1.72%
20-09-1998,49.8015,49.663,49.8015,49.663,,0.80%
13-09-1998,49.4085,49.277,49.4085,49.277,,0.33%
06-09-1998,49.245,49.108,49.245,49.108,,1.81%
30-08-1998,48.369,48.177,48.369,48.177,,1.74%
23-08-1998,47.544,47.439,47.544,47.439,,1.61%
16-08-1998,46.792,46.661,46.792,46.661,,-0.61%
09-08-1998,47.081,46.95,47.081,46.95,,-0.33%
02-08-1998,47.235,47.158,47.235,47.158,,0.05%
26-07-1998,47.2095,47.133,47.2095,47.133,,0.11%
19-07-1998,47.158,46.97,47.158,46.97,,0.39%
12-07-1998,46.974,46.908,46.974,46.908,,1.51%
05-07-1998,46.274,46.144,46.274,46.144,,0.07%
28-06-1998,46.24,46.11,46.24,46.11,,-0.86%
21-06-1998,46.6405,46.537,46.6405,46.537,,-0.56%
14-06-1998,46.903,46.661,46.903,46.661,,1.99%
07-06-1998,45.99,45.805,45.99,45.805,,-1.16%
31-05-1998,46.53,46.287,46.53,46.287,,1.29%
24-05-1998,45.936,45.75,45.936,45.75,,0.41%
17-05-1998,45.7505,45.491,45.7505,45.491,,2.11%
10-05-1998,44.804,44.673,44.804,44.673,,1.26%
03-05-1998,44.2475,44.2,44.2475,44.2,,0.40%
26-04-1998,44.0705,43.973,44.0705,43.973,,0.76%
19-04-1998,43.738,43.608,43.738,43.608,,0.44%
12-04-1998,43.545,43.47,43.545,43.47,,0.92%
05-04-1998,43.147,42.855,43.147,42.855,,1.61%
29-03-1998,42.4615,42.388,42.4615,42.388,,-1.20%
22-03-1998,42.976,42.891,42.976,42.891,,0.37%
15-03-1998,42.8185,42.717,42.8185,42.717,,-0.53%
08-03-1998,43.048,42.919,43.048,42.919,,0.91%
01-03-1998,42.66,42.532,42.66,42.532,,-0.39%
22-02-1998,42.8285,42.754,42.8285,42.754,,1.46%
15-02-1998,42.211,42.083,42.211,42.083,,0.37%
08-02-1998,42.0555,41.873,42.0555,41.873,,-0.20%
01-02-1998,42.14,41.957,42.14,41.957,,1.05%
25-01-1998,41.7035,41.484,41.7035,41.484,,-2.58%
18-01-1998,42.808,42.65,42.808,42.65,,-0.24%
11-01-1998,42.9125,42.685,42.9125,42.685,,-0.36%
04-01-1998,43.0695,42.887,43.0695,42.887,,0.02%
28-12-1997,43.063,42.944,43.063,42.944,,-1.52%
21-12-1997,43.726,43.585,43.726,43.585,,0.13%
14-12-1997,43.669,43.538,43.669,43.538,,-0.48%
07-12-1997,43.8805,43.694,43.8805,43.694,,1.64%
30-11-1997,43.172,43.051,43.172,43.051,,-0.92%
23-11-1997,43.5725,43.216,43.5725,43.216,,1.15%
16-11-1997,43.077,42.91,43.077,42.91,,2.42%
09-11-1997,42.0605,41.928,42.0605,41.928,,-0.24%
02-11-1997,42.1615,42.057,42.1615,42.057,,1.48%
26-10-1997,41.548,41.473,41.548,41.473,,3.37%
19-10-1997,40.193,40.119,40.193,40.119,,-0.04%
12-10-1997,40.2095,40.145,40.2095,40.145,,-0.75%
05-10-1997,40.5115,40.437,40.5115,40.437,,0.38%
28-09-1997,40.357,40.255,40.357,40.255,,0.11%
21-09-1997,40.3125,40.183,40.3125,40.183,,0.39%
14-09-1997,40.1575,40.038,40.1575,40.038,,-0.78%
07-09-1997,40.474,40.262,40.474,40.262,,1.75%
31-08-1997,39.7775,39.596,39.7775,39.596,,0.44%
24-08-1997,39.6015,39.502,39.6015,39.502,,1.07%
17-08-1997,39.1825,38.894,39.1825,38.894,,1.40%
10-08-1997,38.64,38.559,38.64,38.559,,1.56%
03-08-1997,38.0475,37.985,38.0475,37.985,,0.33%
27-07-1997,37.924,37.853,37.924,37.853,,-1.30%
20-07-1997,38.424,38.39,38.424,38.39,,-2.23%
13-07-1997,39.302,39.229,39.302,39.229,,-0.39%
06-07-1997,39.4575,39.393,39.4575,39.393,,-1.75%
29-06-1997,40.161,40.118,40.161,40.118,,-0.51%
22-06-1997,40.368,40.294,40.368,40.294,,-0.49%
15-06-1997,40.5685,40.494,40.5685,40.494,,0.80%
08-06-1997,40.245,40.199,40.245,40.199,,-0.36%
01-06-1997,40.39,40.344,40.39,40.344,,-1.04%
25-05-1997,40.814,40.739,40.814,40.739,,-0.77%
18-05-1997,41.131,41.084,41.131,41.084,,-0.34%
11-05-1997,41.2705,41.195,41.2705,41.195,,-0.02%
04-05-1997,41.279,41.221,41.279,41.221,,2.37%
27-04-1997,40.325,40.251,40.325,40.251,,0.06%
20-04-1997,40.2995,40.234,40.2995,40.234,,-1.27%
13-04-1997,40.8195,40.773,40.8195,40.773,,0.44%
06-04-1997,40.6415,40.567,40.6415,40.567,,-1.86%
30-03-1997,41.4125,41.337,41.4125,41.337,,-0.33%
23-03-1997,41.548,41.501,41.548,41.501,,0.65%
16-03-1997,41.2785,41.203,41.2785,41.203,,0.58%
09-03-1997,41.04,40.965,41.04,40.965,,0.97%
02-03-1997,40.6455,40.571,40.6455,40.571,,-1.16%
23-02-1997,41.1245,41.049,41.1245,41.049,,-0.15%
16-02-1997,41.1845,41.109,41.1845,41.109,,-0.31%
09-02-1997,41.3135,41.238,41.3135,41.238,,-1.59%
02-02-1997,41.9805,41.904,41.9805,41.904,,-0.73%
26-01-1997,42.289,42.212,42.289,42.212,,-0.72%
19-01-1997,42.597,42.549,42.597,42.549,,-1.33%
12-01-1997,43.169,43.091,43.169,43.091,,-1.70%
05-01-1997,43.916,43.837,43.916,43.837,,-1.01%
29-12-1996,44.3625,44.252,44.3625,44.252,,-0.19%
22-12-1996,44.446,44.366,44.446,44.366,,-0.05%
15-12-1996,44.467,44.387,44.467,44.387,,-0.20%
08-12-1996,44.5545,44.412,44.5545,44.412,,-0.23%
01-12-1996,44.657,44.514,44.657,44.514,,-0.31%
24-11-1996,44.7955,44.746,44.7955,44.746,,-1.47%
17-11-1996,45.4645,45.192,45.4645,45.192,,-0.07%
10-11-1996,45.4955,45.223,45.4955,45.223,,-0.37%
03-11-1996,45.6625,45.39,45.6625,45.39,,1.16%
27-10-1996,45.14,44.869,45.14,44.869,,0.46%
20-10-1996,44.933,44.663,44.933,44.663,,1.02%
13-10-1996,44.481,44.276,44.481,44.276,,-0.33%
06-10-1996,44.6305,44.362,44.6305,44.362,,0.54%
29-09-1996,44.39,44.123,44.39,44.123,,-0.41%
22-09-1996,44.5715,44.313,44.5715,44.313,,-0.44%
15-09-1996,44.768,44.499,44.768,44.499,,0.30%
08-09-1996,44.634,44.438,44.634,44.438,,-1.06%
01-09-1996,45.112,44.841,45.112,44.841,,-0.60%
25-08-1996,45.3825,45.11,45.3825,45.11,,0.27%
18-08-1996,45.262,44.99,45.262,44.99,,0.66%
11-08-1996,44.963,44.693,44.963,44.693,,-0.83%
04-08-1996,45.339,45.067,45.339,45.067,,0.41%
28-07-1996,45.156,44.884,45.156,44.884,,0.07%
21-07-1996,45.1265,44.855,45.1265,44.855,,-0.01%
14-07-1996,45.1305,44.859,45.1305,44.859,,2.52%
07-07-1996,44.02,43.754,44.02,43.754,,1.20%
30-06-1996,43.4965,43.239,43.4965,43.239,,0.11%
23-06-1996,43.45,43.184,43.45,43.184,,0.85%
16-06-1996,43.085,42.82,43.085,42.82,,-0.18%
09-06-1996,43.1625,42.889,43.1625,42.889,,0.70%
02-06-1996,42.863,42.63,42.863,42.63,,-1.03%
26-05-1996,43.31,42.983,43.31,42.983,,0.89%
19-05-1996,42.9295,42.667,42.9295,42.667,,0.30%
12-05-1996,42.8025,42.478,42.8025,42.478,,-0.56%
05-05-1996,43.045,42.72,43.045,42.72,,1.15%
28-04-1996,42.5555,42.292,42.5555,42.292,,1.11%
21-04-1996,42.09,42.011,42.09,42.011,,-0.46%
14-04-1996,42.2845,42.082,42.2845,42.082,,-0.46%
07-04-1996,42.4795,42.338,42.4795,42.338,,-0.67%
31-03-1996,42.7675,42.648,42.7675,42.648,,-0.12%
24-03-1996,42.821,42.561,42.821,42.561,,-1.28%
17-03-1996,43.378,43.298,43.378,43.298,,0.69%
10-03-1996,43.081,42.758,43.081,42.758,,1.06%
03-03-1996,42.6285,42.524,42.6285,42.524,,-1.02%
25-02-1996,43.069,42.801,43.069,42.801,,-6.31%
18-02-1996,45.9715,45.922,45.9715,45.922,,0.20%
11-02-1996,45.8805,45.799,45.8805,45.799,,-0.11%
04-02-1996,45.931,45.841,45.931,45.841,,0.93%
28-01-1996,45.5075,45.427,45.5075,45.427,,3.23%
21-01-1996,44.0815,43.941,44.0815,43.941,,-1.45%
14-01-1996,44.7285,44.692,44.7285,44.692,,-2.37%
07-01-1996,45.813,45.774,45.813,45.774,,0.71%